Metric,Value,Corruption Type,Seed,LAP N,Depression Strength,Strictness,Hold Off,Number of Corrupted Sources,Corruption level
accuracy_source_0_corrupt_False_level_0,0.646103919,c_lbf,4,1,1,0.8,0,4,"[0.25, 0.25, 0.25, 0.25]"
top_2_accuracy_source_0_corrupt_False_level_0,0.82711041,c_lbf,4,1,1,0.8,0,4,"[0.25, 0.25, 0.25, 0.25]"
accuracy_source_1_corrupt_False_level_0,0.615451396,c_lbf,4,1,1,0.8,0,4,"[0.25, 0.25, 0.25, 0.25]"
top_2_accuracy_source_1_corrupt_False_level_0,0.798611104,c_lbf,4,1,1,0.8,0,4,"[0.25, 0.25, 0.25, 0.25]"
accuracy_source_2_corrupt_True_level_25,0.497656256,c_lbf,4,1,1,0.8,0,4,"[0.25, 0.25, 0.25, 0.25]"
top_2_accuracy_source_2_corrupt_True_level_25,0.653906226,c_lbf,4,1,1,0.8,0,4,"[0.25, 0.25, 0.25, 0.25]"
accuracy_source_3_corrupt_False_level_0,0.653124988,c_lbf,4,1,1,0.8,0,4,"[0.25, 0.25, 0.25, 0.25]"
top_2_accuracy_source_3_corrupt_False_level_0,0.827343762,c_lbf,4,1,1,0.8,0,4,"[0.25, 0.25, 0.25, 0.25]"
accuracy_source_4_corrupt_False_level_0,0.674218774,c_lbf,4,1,1,0.8,0,4,"[0.25, 0.25, 0.25, 0.25]"
top_2_accuracy_source_4_corrupt_False_level_0,0.821093738,c_lbf,4,1,1,0.8,0,4,"[0.25, 0.25, 0.25, 0.25]"
accuracy_source_5_corrupt_False_level_0,0.63671875,c_lbf,4,1,1,0.8,0,4,"[0.25, 0.25, 0.25, 0.25]"
top_2_accuracy_source_5_corrupt_False_level_0,0.807031274,c_lbf,4,1,1,0.8,0,4,"[0.25, 0.25, 0.25, 0.25]"
accuracy_source_6_corrupt_True_level_25,0.491406262,c_lbf,4,1,1,0.8,0,4,"[0.25, 0.25, 0.25, 0.25]"
top_2_accuracy_source_6_corrupt_True_level_25,0.642968774,c_lbf,4,1,1,0.8,0,4,"[0.25, 0.25, 0.25, 0.25]"
accuracy_source_7_corrupt_True_level_25,0.524999976,c_lbf,4,1,1,0.8,0,4,"[0.25, 0.25, 0.25, 0.25]"
top_2_accuracy_source_7_corrupt_True_level_25,0.671875,c_lbf,4,1,1,0.8,0,4,"[0.25, 0.25, 0.25, 0.25]"
accuracy_source_8_corrupt_False_level_0,0.649218738,c_lbf,4,1,1,0.8,0,4,"[0.25, 0.25, 0.25, 0.25]"
top_2_accuracy_source_8_corrupt_False_level_0,0.811718762,c_lbf,4,1,1,0.8,0,4,"[0.25, 0.25, 0.25, 0.25]"
accuracy_source_9_corrupt_True_level_25,0.498437494,c_lbf,4,1,1,0.8,0,4,"[0.25, 0.25, 0.25, 0.25]"
top_2_accuracy_source_9_corrupt_True_level_25,0.645312488,c_lbf,4,1,1,0.8,0,4,"[0.25, 0.25, 0.25, 0.25]"
accuracy,0.588244617,c_lbf,4,1,1,0.8,0,4,"[0.25, 0.25, 0.25, 0.25]"
top_2_accuracy,0.749920785,c_lbf,4,1,1,0.8,0,4,"[0.25, 0.25, 0.25, 0.25]"
test_accuracy,0.641600013,c_lbf,4,1,1,0.8,0,4,"[0.25, 0.25, 0.25, 0.25]"
test_top_2_accuracy,0.821500003,c_lbf,4,1,1,0.8,0,4,"[0.25, 0.25, 0.25, 0.25]"
accuracy_source_0_corrupt_False_level_0,0.641233742,c_lbf,4,25,1,0.2,0,4,"[0.25, 0.25, 0.25, 0.25]"
top_2_accuracy_source_0_corrupt_False_level_0,0.795454562,c_lbf,4,25,1,0.2,0,4,"[0.25, 0.25, 0.25, 0.25]"
accuracy_source_1_corrupt_False_level_0,0.625,c_lbf,4,25,1,0.2,0,4,"[0.25, 0.25, 0.25, 0.25]"
top_2_accuracy_source_1_corrupt_False_level_0,0.795138896,c_lbf,4,25,1,0.2,0,4,"[0.25, 0.25, 0.25, 0.25]"
accuracy_source_2_corrupt_True_level_25,0.499218762,c_lbf,4,25,1,0.2,0,4,"[0.25, 0.25, 0.25, 0.25]"
top_2_accuracy_source_2_corrupt_True_level_25,0.653906226,c_lbf,4,25,1,0.2,0,4,"[0.25, 0.25, 0.25, 0.25]"
accuracy_source_3_corrupt_False_level_0,0.645312488,c_lbf,4,25,1,0.2,0,4,"[0.25, 0.25, 0.25, 0.25]"
top_2_accuracy_source_3_corrupt_False_level_0,0.810937524,c_lbf,4,25,1,0.2,0,4,"[0.25, 0.25, 0.25, 0.25]"
accuracy_source_4_corrupt_False_level_0,0.64453125,c_lbf,4,25,1,0.2,0,4,"[0.25, 0.25, 0.25, 0.25]"
top_2_accuracy_source_4_corrupt_False_level_0,0.811718762,c_lbf,4,25,1,0.2,0,4,"[0.25, 0.25, 0.25, 0.25]"
accuracy_source_5_corrupt_False_level_0,0.638281226,c_lbf,4,25,1,0.2,0,4,"[0.25, 0.25, 0.25, 0.25]"
top_2_accuracy_source_5_corrupt_False_level_0,0.798437476,c_lbf,4,25,1,0.2,0,4,"[0.25, 0.25, 0.25, 0.25]"
accuracy_source_6_corrupt_True_level_25,0.48046875,c_lbf,4,25,1,0.2,0,4,"[0.25, 0.25, 0.25, 0.25]"
top_2_accuracy_source_6_corrupt_True_level_25,0.62890625,c_lbf,4,25,1,0.2,0,4,"[0.25, 0.25, 0.25, 0.25]"
accuracy_source_7_corrupt_True_level_25,0.513281226,c_lbf,4,25,1,0.2,0,4,"[0.25, 0.25, 0.25, 0.25]"
top_2_accuracy_source_7_corrupt_True_level_25,0.675000012,c_lbf,4,25,1,0.2,0,4,"[0.25, 0.25, 0.25, 0.25]"
accuracy_source_8_corrupt_False_level_0,0.631250024,c_lbf,4,25,1,0.2,0,4,"[0.25, 0.25, 0.25, 0.25]"
top_2_accuracy_source_8_corrupt_False_level_0,0.791406274,c_lbf,4,25,1,0.2,0,4,"[0.25, 0.25, 0.25, 0.25]"
accuracy_source_9_corrupt_True_level_25,0.5,c_lbf,4,25,1,0.2,0,4,"[0.25, 0.25, 0.25, 0.25]"
top_2_accuracy_source_9_corrupt_True_level_25,0.6640625,c_lbf,4,25,1,0.2,0,4,"[0.25, 0.25, 0.25, 0.25]"
accuracy,0.58119458,c_lbf,4,25,1,0.2,0,4,"[0.25, 0.25, 0.25, 0.25]"
top_2_accuracy,0.741761744,c_lbf,4,25,1,0.2,0,4,"[0.25, 0.25, 0.25, 0.25]"
test_accuracy,0.639500022,c_lbf,4,25,1,0.2,0,4,"[0.25, 0.25, 0.25, 0.25]"
test_top_2_accuracy,0.810299993,c_lbf,4,25,1,0.2,0,4,"[0.25, 0.25, 0.25, 0.25]"
accuracy_source_0_corrupt_False_level_0,0.633928597,c_lbf,4,25,0.1,0.8,0,4,"[0.25, 0.25, 0.25, 0.25]"
top_2_accuracy_source_0_corrupt_False_level_0,0.811688304,c_lbf,4,25,0.1,0.8,0,4,"[0.25, 0.25, 0.25, 0.25]"
accuracy_source_1_corrupt_False_level_0,0.618923604,c_lbf,4,25,0.1,0.8,0,4,"[0.25, 0.25, 0.25, 0.25]"
top_2_accuracy_source_1_corrupt_False_level_0,0.805555582,c_lbf,4,25,0.1,0.8,0,4,"[0.25, 0.25, 0.25, 0.25]"
accuracy_source_2_corrupt_True_level_25,0.5,c_lbf,4,25,0.1,0.8,0,4,"[0.25, 0.25, 0.25, 0.25]"
top_2_accuracy_source_2_corrupt_True_level_25,0.66015625,c_lbf,4,25,0.1,0.8,0,4,"[0.25, 0.25, 0.25, 0.25]"
accuracy_source_3_corrupt_False_level_0,0.626562476,c_lbf,4,25,0.1,0.8,0,4,"[0.25, 0.25, 0.25, 0.25]"
top_2_accuracy_source_3_corrupt_False_level_0,0.807812512,c_lbf,4,25,0.1,0.8,0,4,"[0.25, 0.25, 0.25, 0.25]"
accuracy_source_4_corrupt_False_level_0,0.65625,c_lbf,4,25,0.1,0.8,0,4,"[0.25, 0.25, 0.25, 0.25]"
top_2_accuracy_source_4_corrupt_False_level_0,0.819531262,c_lbf,4,25,0.1,0.8,0,4,"[0.25, 0.25, 0.25, 0.25]"
accuracy_source_5_corrupt_False_level_0,0.630468726,c_lbf,4,25,0.1,0.8,0,4,"[0.25, 0.25, 0.25, 0.25]"
top_2_accuracy_source_5_corrupt_False_level_0,0.784375012,c_lbf,4,25,0.1,0.8,0,4,"[0.25, 0.25, 0.25, 0.25]"
accuracy_source_6_corrupt_True_level_25,0.474999994,c_lbf,4,25,0.1,0.8,0,4,"[0.25, 0.25, 0.25, 0.25]"
top_2_accuracy_source_6_corrupt_True_level_25,0.632031262,c_lbf,4,25,0.1,0.8,0,4,"[0.25, 0.25, 0.25, 0.25]"
accuracy_source_7_corrupt_True_level_25,0.500781238,c_lbf,4,25,0.1,0.8,0,4,"[0.25, 0.25, 0.25, 0.25]"
top_2_accuracy_source_7_corrupt_True_level_25,0.650781274,c_lbf,4,25,0.1,0.8,0,4,"[0.25, 0.25, 0.25, 0.25]"
accuracy_source_8_corrupt_False_level_0,0.627343774,c_lbf,4,25,0.1,0.8,0,4,"[0.25, 0.25, 0.25, 0.25]"
top_2_accuracy_source_8_corrupt_False_level_0,0.7890625,c_lbf,4,25,0.1,0.8,0,4,"[0.25, 0.25, 0.25, 0.25]"
accuracy_source_9_corrupt_True_level_25,0.497656256,c_lbf,4,25,0.1,0.8,0,4,"[0.25, 0.25, 0.25, 0.25]"
top_2_accuracy_source_9_corrupt_True_level_25,0.65234375,c_lbf,4,25,0.1,0.8,0,4,"[0.25, 0.25, 0.25, 0.25]"
accuracy,0.576045632,c_lbf,4,25,0.1,0.8,0,4,"[0.25, 0.25, 0.25, 0.25]"
top_2_accuracy,0.740415096,c_lbf,4,25,0.1,0.8,0,4,"[0.25, 0.25, 0.25, 0.25]"
test_accuracy,0.641799986,c_lbf,4,25,0.1,0.8,0,4,"[0.25, 0.25, 0.25, 0.25]"
test_top_2_accuracy,0.81309998,c_lbf,4,25,0.1,0.8,0,4,"[0.25, 0.25, 0.25, 0.25]"
accuracy_source_0_corrupt_False_level_0,0.651785731,c_lbf,4,25,0.1,0.8,0,4,"[0.1, 0.1, 0.1, 0.1]"
top_2_accuracy_source_0_corrupt_False_level_0,0.833603919,c_lbf,4,25,0.1,0.8,0,4,"[0.1, 0.1, 0.1, 0.1]"
accuracy_source_1_corrupt_False_level_0,0.657986104,c_lbf,4,25,0.1,0.8,0,4,"[0.1, 0.1, 0.1, 0.1]"
top_2_accuracy_source_1_corrupt_False_level_0,0.830729187,c_lbf,4,25,0.1,0.8,0,4,"[0.1, 0.1, 0.1, 0.1]"
accuracy_source_2_corrupt_True_level_10,0.585156262,c_lbf,4,25,0.1,0.8,0,4,"[0.1, 0.1, 0.1, 0.1]"
top_2_accuracy_source_2_corrupt_True_level_10,0.7734375,c_lbf,4,25,0.1,0.8,0,4,"[0.1, 0.1, 0.1, 0.1]"
accuracy_source_3_corrupt_False_level_0,0.653124988,c_lbf,4,25,0.1,0.8,0,4,"[0.1, 0.1, 0.1, 0.1]"
top_2_accuracy_source_3_corrupt_False_level_0,0.822656274,c_lbf,4,25,0.1,0.8,0,4,"[0.1, 0.1, 0.1, 0.1]"
accuracy_source_4_corrupt_False_level_0,0.669531226,c_lbf,4,25,0.1,0.8,0,4,"[0.1, 0.1, 0.1, 0.1]"
top_2_accuracy_source_4_corrupt_False_level_0,0.8359375,c_lbf,4,25,0.1,0.8,0,4,"[0.1, 0.1, 0.1, 0.1]"
accuracy_source_5_corrupt_False_level_0,0.65234375,c_lbf,4,25,0.1,0.8,0,4,"[0.1, 0.1, 0.1, 0.1]"
top_2_accuracy_source_5_corrupt_False_level_0,0.803125024,c_lbf,4,25,0.1,0.8,0,4,"[0.1, 0.1, 0.1, 0.1]"
accuracy_source_6_corrupt_True_level_10,0.592187524,c_lbf,4,25,0.1,0.8,0,4,"[0.1, 0.1, 0.1, 0.1]"
top_2_accuracy_source_6_corrupt_True_level_10,0.73828125,c_lbf,4,25,0.1,0.8,0,4,"[0.1, 0.1, 0.1, 0.1]"
accuracy_source_7_corrupt_True_level_10,0.604687512,c_lbf,4,25,0.1,0.8,0,4,"[0.1, 0.1, 0.1, 0.1]"
top_2_accuracy_source_7_corrupt_True_level_10,0.757031262,c_lbf,4,25,0.1,0.8,0,4,"[0.1, 0.1, 0.1, 0.1]"
accuracy_source_8_corrupt_False_level_0,0.655468762,c_lbf,4,25,0.1,0.8,0,4,"[0.1, 0.1, 0.1, 0.1]"
top_2_accuracy_source_8_corrupt_False_level_0,0.822656274,c_lbf,4,25,0.1,0.8,0,4,"[0.1, 0.1, 0.1, 0.1]"
accuracy_source_9_corrupt_True_level_10,0.618749976,c_lbf,4,25,0.1,0.8,0,4,"[0.1, 0.1, 0.1, 0.1]"
top_2_accuracy_source_9_corrupt_True_level_10,0.778124988,c_lbf,4,25,0.1,0.8,0,4,"[0.1, 0.1, 0.1, 0.1]"
accuracy,0.633792758,c_lbf,4,25,0.1,0.8,0,4,"[0.1, 0.1, 0.1, 0.1]"
top_2_accuracy,0.799112797,c_lbf,4,25,0.1,0.8,0,4,"[0.1, 0.1, 0.1, 0.1]"
test_accuracy,0.6602,c_lbf,4,25,0.1,0.8,0,4,"[0.1, 0.1, 0.1, 0.1]"
test_top_2_accuracy,0.833199978,c_lbf,4,25,0.1,0.8,0,4,"[0.1, 0.1, 0.1, 0.1]"
accuracy_source_0_corrupt_False_level_0,0.614448071,c_lbf,4,25,1,0.2,0,4,"[0.1, 0.1, 0.1, 0.1]"
top_2_accuracy_source_0_corrupt_False_level_0,0.786525965,c_lbf,4,25,1,0.2,0,4,"[0.1, 0.1, 0.1, 0.1]"
accuracy_source_1_corrupt_False_level_0,0.604166687,c_lbf,4,25,1,0.2,0,4,"[0.1, 0.1, 0.1, 0.1]"
top_2_accuracy_source_1_corrupt_False_level_0,0.784722209,c_lbf,4,25,1,0.2,0,4,"[0.1, 0.1, 0.1, 0.1]"
accuracy_source_2_corrupt_True_level_10,0.572656274,c_lbf,4,25,1,0.2,0,4,"[0.1, 0.1, 0.1, 0.1]"
top_2_accuracy_source_2_corrupt_True_level_10,0.735156238,c_lbf,4,25,1,0.2,0,4,"[0.1, 0.1, 0.1, 0.1]"
accuracy_source_3_corrupt_False_level_0,0.602343738,c_lbf,4,25,1,0.2,0,4,"[0.1, 0.1, 0.1, 0.1]"
top_2_accuracy_source_3_corrupt_False_level_0,0.7890625,c_lbf,4,25,1,0.2,0,4,"[0.1, 0.1, 0.1, 0.1]"
accuracy_source_4_corrupt_False_level_0,0.619531274,c_lbf,4,25,1,0.2,0,4,"[0.1, 0.1, 0.1, 0.1]"
top_2_accuracy_source_4_corrupt_False_level_0,0.802343726,c_lbf,4,25,1,0.2,0,4,"[0.1, 0.1, 0.1, 0.1]"
accuracy_source_5_corrupt_False_level_0,0.603906274,c_lbf,4,25,1,0.2,0,4,"[0.1, 0.1, 0.1, 0.1]"
top_2_accuracy_source_5_corrupt_False_level_0,0.782031238,c_lbf,4,25,1,0.2,0,4,"[0.1, 0.1, 0.1, 0.1]"
accuracy_source_6_corrupt_True_level_10,0.544531226,c_lbf,4,25,1,0.2,0,4,"[0.1, 0.1, 0.1, 0.1]"
top_2_accuracy_source_6_corrupt_True_level_10,0.702343762,c_lbf,4,25,1,0.2,0,4,"[0.1, 0.1, 0.1, 0.1]"
accuracy_source_7_corrupt_True_level_10,0.574999988,c_lbf,4,25,1,0.2,0,4,"[0.1, 0.1, 0.1, 0.1]"
top_2_accuracy_source_7_corrupt_True_level_10,0.737500012,c_lbf,4,25,1,0.2,0,4,"[0.1, 0.1, 0.1, 0.1]"
accuracy_source_8_corrupt_False_level_0,0.612500012,c_lbf,4,25,1,0.2,0,4,"[0.1, 0.1, 0.1, 0.1]"
top_2_accuracy_source_8_corrupt_False_level_0,0.78125,c_lbf,4,25,1,0.2,0,4,"[0.1, 0.1, 0.1, 0.1]"
accuracy_source_9_corrupt_True_level_10,0.568750024,c_lbf,4,25,1,0.2,0,4,"[0.1, 0.1, 0.1, 0.1]"
top_2_accuracy_source_9_corrupt_True_level_10,0.735156238,c_lbf,4,25,1,0.2,0,4,"[0.1, 0.1, 0.1, 0.1]"
accuracy,0.591571629,c_lbf,4,25,1,0.2,0,4,"[0.1, 0.1, 0.1, 0.1]"
top_2_accuracy,0.763307989,c_lbf,4,25,1,0.2,0,4,"[0.1, 0.1, 0.1, 0.1]"
test_accuracy,0.616599977,c_lbf,4,25,1,0.2,0,4,"[0.1, 0.1, 0.1, 0.1]"
test_top_2_accuracy,0.796299994,c_lbf,4,25,1,0.2,0,4,"[0.1, 0.1, 0.1, 0.1]"
accuracy_source_0_corrupt_False_level_0,0.629870117,c_lbf,4,5,1,0.8,0,4,"[0.25, 0.25, 0.25, 0.25]"
top_2_accuracy_source_0_corrupt_False_level_0,0.810876608,c_lbf,4,5,1,0.8,0,4,"[0.25, 0.25, 0.25, 0.25]"
accuracy_source_1_corrupt_False_level_0,0.618923604,c_lbf,4,5,1,0.8,0,4,"[0.25, 0.25, 0.25, 0.25]"
top_2_accuracy_source_1_corrupt_False_level_0,0.797743082,c_lbf,4,5,1,0.8,0,4,"[0.25, 0.25, 0.25, 0.25]"
accuracy_source_2_corrupt_True_level_25,0.481249988,c_lbf,4,5,1,0.8,0,4,"[0.25, 0.25, 0.25, 0.25]"
top_2_accuracy_source_2_corrupt_True_level_25,0.641406238,c_lbf,4,5,1,0.8,0,4,"[0.25, 0.25, 0.25, 0.25]"
accuracy_source_3_corrupt_False_level_0,0.631250024,c_lbf,4,5,1,0.8,0,4,"[0.25, 0.25, 0.25, 0.25]"
top_2_accuracy_source_3_corrupt_False_level_0,0.801562488,c_lbf,4,5,1,0.8,0,4,"[0.25, 0.25, 0.25, 0.25]"
accuracy_source_4_corrupt_False_level_0,0.654687524,c_lbf,4,5,1,0.8,0,4,"[0.25, 0.25, 0.25, 0.25]"
top_2_accuracy_source_4_corrupt_False_level_0,0.8125,c_lbf,4,5,1,0.8,0,4,"[0.25, 0.25, 0.25, 0.25]"
accuracy_source_5_corrupt_False_level_0,0.632031262,c_lbf,4,5,1,0.8,0,4,"[0.25, 0.25, 0.25, 0.25]"
top_2_accuracy_source_5_corrupt_False_level_0,0.7890625,c_lbf,4,5,1,0.8,0,4,"[0.25, 0.25, 0.25, 0.25]"
accuracy_source_6_corrupt_True_level_25,0.46875,c_lbf,4,5,1,0.8,0,4,"[0.25, 0.25, 0.25, 0.25]"
top_2_accuracy_source_6_corrupt_True_level_25,0.622656226,c_lbf,4,5,1,0.8,0,4,"[0.25, 0.25, 0.25, 0.25]"
accuracy_source_7_corrupt_True_level_25,0.505468726,c_lbf,4,5,1,0.8,0,4,"[0.25, 0.25, 0.25, 0.25]"
top_2_accuracy_source_7_corrupt_True_level_25,0.666406274,c_lbf,4,5,1,0.8,0,4,"[0.25, 0.25, 0.25, 0.25]"
accuracy_source_8_corrupt_False_level_0,0.629687488,c_lbf,4,5,1,0.8,0,4,"[0.25, 0.25, 0.25, 0.25]"
top_2_accuracy_source_8_corrupt_False_level_0,0.796875,c_lbf,4,5,1,0.8,0,4,"[0.25, 0.25, 0.25, 0.25]"
accuracy_source_9_corrupt_True_level_25,0.492968738,c_lbf,4,5,1,0.8,0,4,"[0.25, 0.25, 0.25, 0.25]"
top_2_accuracy_source_9_corrupt_True_level_25,0.671093762,c_lbf,4,5,1,0.8,0,4,"[0.25, 0.25, 0.25, 0.25]"
accuracy,0.573827624,c_lbf,4,5,1,0.8,0,4,"[0.25, 0.25, 0.25, 0.25]"
top_2_accuracy,0.740177453,c_lbf,4,5,1,0.8,0,4,"[0.25, 0.25, 0.25, 0.25]"
test_accuracy,0.625999987,c_lbf,4,5,1,0.8,0,4,"[0.25, 0.25, 0.25, 0.25]"
test_top_2_accuracy,0.805100024,c_lbf,4,5,1,0.8,0,4,"[0.25, 0.25, 0.25, 0.25]"
accuracy_source_0_corrupt_False_level_0,0.649350643,c_lbf,4,25,1,0.4,0,4,"[0.25, 0.25, 0.25, 0.25]"
top_2_accuracy_source_0_corrupt_False_level_0,0.825487018,c_lbf,4,25,1,0.4,0,4,"[0.25, 0.25, 0.25, 0.25]"
accuracy_source_1_corrupt_False_level_0,0.629340291,c_lbf,4,25,1,0.4,0,4,"[0.25, 0.25, 0.25, 0.25]"
top_2_accuracy_source_1_corrupt_False_level_0,0.789930582,c_lbf,4,25,1,0.4,0,4,"[0.25, 0.25, 0.25, 0.25]"
accuracy_source_2_corrupt_True_level_25,0.504687488,c_lbf,4,25,1,0.4,0,4,"[0.25, 0.25, 0.25, 0.25]"
top_2_accuracy_source_2_corrupt_True_level_25,0.653124988,c_lbf,4,25,1,0.4,0,4,"[0.25, 0.25, 0.25, 0.25]"
accuracy_source_3_corrupt_False_level_0,0.657812476,c_lbf,4,25,1,0.4,0,4,"[0.25, 0.25, 0.25, 0.25]"
top_2_accuracy_source_3_corrupt_False_level_0,0.810937524,c_lbf,4,25,1,0.4,0,4,"[0.25, 0.25, 0.25, 0.25]"
accuracy_source_4_corrupt_False_level_0,0.650781274,c_lbf,4,25,1,0.4,0,4,"[0.25, 0.25, 0.25, 0.25]"
top_2_accuracy_source_4_corrupt_False_level_0,0.824999988,c_lbf,4,25,1,0.4,0,4,"[0.25, 0.25, 0.25, 0.25]"
accuracy_source_5_corrupt_False_level_0,0.642187476,c_lbf,4,25,1,0.4,0,4,"[0.25, 0.25, 0.25, 0.25]"
top_2_accuracy_source_5_corrupt_False_level_0,0.801562488,c_lbf,4,25,1,0.4,0,4,"[0.25, 0.25, 0.25, 0.25]"
accuracy_source_6_corrupt_True_level_25,0.493750006,c_lbf,4,25,1,0.4,0,4,"[0.25, 0.25, 0.25, 0.25]"
top_2_accuracy_source_6_corrupt_True_level_25,0.634374976,c_lbf,4,25,1,0.4,0,4,"[0.25, 0.25, 0.25, 0.25]"
accuracy_source_7_corrupt_True_level_25,0.52734375,c_lbf,4,25,1,0.4,0,4,"[0.25, 0.25, 0.25, 0.25]"
top_2_accuracy_source_7_corrupt_True_level_25,0.678125024,c_lbf,4,25,1,0.4,0,4,"[0.25, 0.25, 0.25, 0.25]"
accuracy_source_8_corrupt_False_level_0,0.6328125,c_lbf,4,25,1,0.4,0,4,"[0.25, 0.25, 0.25, 0.25]"
top_2_accuracy_source_8_corrupt_False_level_0,0.803125024,c_lbf,4,25,1,0.4,0,4,"[0.25, 0.25, 0.25, 0.25]"
accuracy_source_9_corrupt_True_level_25,0.506250024,c_lbf,4,25,1,0.4,0,4,"[0.25, 0.25, 0.25, 0.25]"
top_2_accuracy_source_9_corrupt_True_level_25,0.667187512,c_lbf,4,25,1,0.4,0,4,"[0.25, 0.25, 0.25, 0.25]"
accuracy,0.588799119,c_lbf,4,25,1,0.4,0,4,"[0.25, 0.25, 0.25, 0.25]"
top_2_accuracy,0.748178065,c_lbf,4,25,1,0.4,0,4,"[0.25, 0.25, 0.25, 0.25]"
test_accuracy,0.643700004,c_lbf,4,25,1,0.4,0,4,"[0.25, 0.25, 0.25, 0.25]"
test_top_2_accuracy,0.819400012,c_lbf,4,25,1,0.4,0,4,"[0.25, 0.25, 0.25, 0.25]"
accuracy_source_0_corrupt_False_level_0,0.672077894,c_lbf,4,25,0.25,0.8,0,4,"[0.1, 0.1, 0.1, 0.1]"
top_2_accuracy_source_0_corrupt_False_level_0,0.835227251,c_lbf,4,25,0.25,0.8,0,4,"[0.1, 0.1, 0.1, 0.1]"
accuracy_source_1_corrupt_False_level_0,0.657986104,c_lbf,4,25,0.25,0.8,0,4,"[0.1, 0.1, 0.1, 0.1]"
top_2_accuracy_source_1_corrupt_False_level_0,0.830729187,c_lbf,4,25,0.25,0.8,0,4,"[0.1, 0.1, 0.1, 0.1]"
accuracy_source_2_corrupt_True_level_10,0.61328125,c_lbf,4,25,0.25,0.8,0,4,"[0.1, 0.1, 0.1, 0.1]"
top_2_accuracy_source_2_corrupt_True_level_10,0.7734375,c_lbf,4,25,0.25,0.8,0,4,"[0.1, 0.1, 0.1, 0.1]"
accuracy_source_3_corrupt_False_level_0,0.6640625,c_lbf,4,25,0.25,0.8,0,4,"[0.1, 0.1, 0.1, 0.1]"
top_2_accuracy_source_3_corrupt_False_level_0,0.833593726,c_lbf,4,25,0.25,0.8,0,4,"[0.1, 0.1, 0.1, 0.1]"
accuracy_source_4_corrupt_False_level_0,0.674218774,c_lbf,4,25,0.25,0.8,0,4,"[0.1, 0.1, 0.1, 0.1]"
top_2_accuracy_source_4_corrupt_False_level_0,0.839062512,c_lbf,4,25,0.25,0.8,0,4,"[0.1, 0.1, 0.1, 0.1]"
accuracy_source_5_corrupt_False_level_0,0.647656262,c_lbf,4,25,0.25,0.8,0,4,"[0.1, 0.1, 0.1, 0.1]"
top_2_accuracy_source_5_corrupt_False_level_0,0.817187488,c_lbf,4,25,0.25,0.8,0,4,"[0.1, 0.1, 0.1, 0.1]"
accuracy_source_6_corrupt_True_level_10,0.590624988,c_lbf,4,25,0.25,0.8,0,4,"[0.1, 0.1, 0.1, 0.1]"
top_2_accuracy_source_6_corrupt_True_level_10,0.749218762,c_lbf,4,25,0.25,0.8,0,4,"[0.1, 0.1, 0.1, 0.1]"
accuracy_source_7_corrupt_True_level_10,0.596093774,c_lbf,4,25,0.25,0.8,0,4,"[0.1, 0.1, 0.1, 0.1]"
top_2_accuracy_source_7_corrupt_True_level_10,0.766406238,c_lbf,4,25,0.25,0.8,0,4,"[0.1, 0.1, 0.1, 0.1]"
accuracy_source_8_corrupt_False_level_0,0.654687524,c_lbf,4,25,0.25,0.8,0,4,"[0.1, 0.1, 0.1, 0.1]"
top_2_accuracy_source_8_corrupt_False_level_0,0.826562524,c_lbf,4,25,0.25,0.8,0,4,"[0.1, 0.1, 0.1, 0.1]"
accuracy_source_9_corrupt_True_level_10,0.625781238,c_lbf,4,25,0.25,0.8,0,4,"[0.1, 0.1, 0.1, 0.1]"
top_2_accuracy_source_9_corrupt_True_level_10,0.774218738,c_lbf,4,25,0.25,0.8,0,4,"[0.1, 0.1, 0.1, 0.1]"
accuracy,0.639337778,c_lbf,4,25,0.25,0.8,0,4,"[0.1, 0.1, 0.1, 0.1]"
top_2_accuracy,0.804182529,c_lbf,4,25,0.25,0.8,0,4,"[0.1, 0.1, 0.1, 0.1]"
test_accuracy,0.663900018,c_lbf,4,25,0.25,0.8,0,4,"[0.1, 0.1, 0.1, 0.1]"
test_top_2_accuracy,0.836300015,c_lbf,4,25,0.25,0.8,0,4,"[0.1, 0.1, 0.1, 0.1]"
accuracy_source_0_corrupt_False_level_0,0.617694795,c_lbf,4,25,1,0.4,0,4,"[0.1, 0.1, 0.1, 0.1]"
top_2_accuracy_source_0_corrupt_False_level_0,0.789772749,c_lbf,4,25,1,0.4,0,4,"[0.1, 0.1, 0.1, 0.1]"
accuracy_source_1_corrupt_False_level_0,0.625,c_lbf,4,25,1,0.4,0,4,"[0.1, 0.1, 0.1, 0.1]"
top_2_accuracy_source_1_corrupt_False_level_0,0.7890625,c_lbf,4,25,1,0.4,0,4,"[0.1, 0.1, 0.1, 0.1]"
accuracy_source_2_corrupt_True_level_10,0.579687476,c_lbf,4,25,1,0.4,0,4,"[0.1, 0.1, 0.1, 0.1]"
top_2_accuracy_source_2_corrupt_True_level_10,0.732812524,c_lbf,4,25,1,0.4,0,4,"[0.1, 0.1, 0.1, 0.1]"
accuracy_source_3_corrupt_False_level_0,0.611718774,c_lbf,4,25,1,0.4,0,4,"[0.1, 0.1, 0.1, 0.1]"
top_2_accuracy_source_3_corrupt_False_level_0,0.789843738,c_lbf,4,25,1,0.4,0,4,"[0.1, 0.1, 0.1, 0.1]"
accuracy_source_4_corrupt_False_level_0,0.628125012,c_lbf,4,25,1,0.4,0,4,"[0.1, 0.1, 0.1, 0.1]"
top_2_accuracy_source_4_corrupt_False_level_0,0.807031274,c_lbf,4,25,1,0.4,0,4,"[0.1, 0.1, 0.1, 0.1]"
accuracy_source_5_corrupt_False_level_0,0.616406262,c_lbf,4,25,1,0.4,0,4,"[0.1, 0.1, 0.1, 0.1]"
top_2_accuracy_source_5_corrupt_False_level_0,0.782031238,c_lbf,4,25,1,0.4,0,4,"[0.1, 0.1, 0.1, 0.1]"
accuracy_source_6_corrupt_True_level_10,0.55859375,c_lbf,4,25,1,0.4,0,4,"[0.1, 0.1, 0.1, 0.1]"
top_2_accuracy_source_6_corrupt_True_level_10,0.714062512,c_lbf,4,25,1,0.4,0,4,"[0.1, 0.1, 0.1, 0.1]"
accuracy_source_7_corrupt_True_level_10,0.578125,c_lbf,4,25,1,0.4,0,4,"[0.1, 0.1, 0.1, 0.1]"
top_2_accuracy_source_7_corrupt_True_level_10,0.7421875,c_lbf,4,25,1,0.4,0,4,"[0.1, 0.1, 0.1, 0.1]"
accuracy_source_8_corrupt_False_level_0,0.635156274,c_lbf,4,25,1,0.4,0,4,"[0.1, 0.1, 0.1, 0.1]"
top_2_accuracy_source_8_corrupt_False_level_0,0.80078125,c_lbf,4,25,1,0.4,0,4,"[0.1, 0.1, 0.1, 0.1]"
accuracy_source_9_corrupt_True_level_10,0.586718738,c_lbf,4,25,1,0.4,0,4,"[0.1, 0.1, 0.1, 0.1]"
top_2_accuracy_source_9_corrupt_True_level_10,0.751562476,c_lbf,4,25,1,0.4,0,4,"[0.1, 0.1, 0.1, 0.1]"
accuracy,0.603453755,c_lbf,4,25,1,0.4,0,4,"[0.1, 0.1, 0.1, 0.1]"
top_2_accuracy,0.769645095,c_lbf,4,25,1,0.4,0,4,"[0.1, 0.1, 0.1, 0.1]"
test_accuracy,0.624599993,c_lbf,4,25,1,0.4,0,4,"[0.1, 0.1, 0.1, 0.1]"
test_top_2_accuracy,0.802900016,c_lbf,4,25,1,0.4,0,4,"[0.1, 0.1, 0.1, 0.1]"
accuracy_source_0_corrupt_False_level_0,0.640422106,c_lbf,4,25,0.25,0.8,0,4,"[0.25, 0.25, 0.25, 0.25]"
top_2_accuracy_source_0_corrupt_False_level_0,0.818993509,c_lbf,4,25,0.25,0.8,0,4,"[0.25, 0.25, 0.25, 0.25]"
accuracy_source_1_corrupt_False_level_0,0.641493082,c_lbf,4,25,0.25,0.8,0,4,"[0.25, 0.25, 0.25, 0.25]"
top_2_accuracy_source_1_corrupt_False_level_0,0.802951396,c_lbf,4,25,0.25,0.8,0,4,"[0.25, 0.25, 0.25, 0.25]"
accuracy_source_2_corrupt_True_level_25,0.507031262,c_lbf,4,25,0.25,0.8,0,4,"[0.25, 0.25, 0.25, 0.25]"
top_2_accuracy_source_2_corrupt_True_level_25,0.663281262,c_lbf,4,25,0.25,0.8,0,4,"[0.25, 0.25, 0.25, 0.25]"
accuracy_source_3_corrupt_False_level_0,0.654687524,c_lbf,4,25,0.25,0.8,0,4,"[0.25, 0.25, 0.25, 0.25]"
top_2_accuracy_source_3_corrupt_False_level_0,0.809374988,c_lbf,4,25,0.25,0.8,0,4,"[0.25, 0.25, 0.25, 0.25]"
accuracy_source_4_corrupt_False_level_0,0.662500024,c_lbf,4,25,0.25,0.8,0,4,"[0.25, 0.25, 0.25, 0.25]"
top_2_accuracy_source_4_corrupt_False_level_0,0.830468774,c_lbf,4,25,0.25,0.8,0,4,"[0.25, 0.25, 0.25, 0.25]"
accuracy_source_5_corrupt_False_level_0,0.638281226,c_lbf,4,25,0.25,0.8,0,4,"[0.25, 0.25, 0.25, 0.25]"
top_2_accuracy_source_5_corrupt_False_level_0,0.806249976,c_lbf,4,25,0.25,0.8,0,4,"[0.25, 0.25, 0.25, 0.25]"
accuracy_source_6_corrupt_True_level_25,0.487500012,c_lbf,4,25,0.25,0.8,0,4,"[0.25, 0.25, 0.25, 0.25]"
top_2_accuracy_source_6_corrupt_True_level_25,0.647656262,c_lbf,4,25,0.25,0.8,0,4,"[0.25, 0.25, 0.25, 0.25]"
accuracy_source_7_corrupt_True_level_25,0.514062524,c_lbf,4,25,0.25,0.8,0,4,"[0.25, 0.25, 0.25, 0.25]"
top_2_accuracy_source_7_corrupt_True_level_25,0.658593774,c_lbf,4,25,0.25,0.8,0,4,"[0.25, 0.25, 0.25, 0.25]"
accuracy_source_8_corrupt_False_level_0,0.633593738,c_lbf,4,25,0.25,0.8,0,4,"[0.25, 0.25, 0.25, 0.25]"
top_2_accuracy_source_8_corrupt_False_level_0,0.801562488,c_lbf,4,25,0.25,0.8,0,4,"[0.25, 0.25, 0.25, 0.25]"
accuracy_source_9_corrupt_True_level_25,0.509374976,c_lbf,4,25,0.25,0.8,0,4,"[0.25, 0.25, 0.25, 0.25]"
top_2_accuracy_source_9_corrupt_True_level_25,0.657031238,c_lbf,4,25,0.25,0.8,0,4,"[0.25, 0.25, 0.25, 0.25]"
accuracy,0.588165402,c_lbf,4,25,0.25,0.8,0,4,"[0.25, 0.25, 0.25, 0.25]"
top_2_accuracy,0.748811781,c_lbf,4,25,0.25,0.8,0,4,"[0.25, 0.25, 0.25, 0.25]"
test_accuracy,0.645900011,c_lbf,4,25,0.25,0.8,0,4,"[0.25, 0.25, 0.25, 0.25]"
test_top_2_accuracy,0.82099998,c_lbf,4,25,0.25,0.8,0,4,"[0.25, 0.25, 0.25, 0.25]"
accuracy_source_0_corrupt_False_level_0,0.649350643,c_lbf,4,25,1,0.8,0,4,"[0.25, 0.25, 0.25, 0.25]"
top_2_accuracy_source_0_corrupt_False_level_0,0.822240233,c_lbf,4,25,1,0.8,0,4,"[0.25, 0.25, 0.25, 0.25]"
accuracy_source_1_corrupt_False_level_0,0.627604187,c_lbf,4,25,1,0.8,0,4,"[0.25, 0.25, 0.25, 0.25]"
top_2_accuracy_source_1_corrupt_False_level_0,0.806423604,c_lbf,4,25,1,0.8,0,4,"[0.25, 0.25, 0.25, 0.25]"
accuracy_source_2_corrupt_True_level_25,0.495312512,c_lbf,4,25,1,0.8,0,4,"[0.25, 0.25, 0.25, 0.25]"
top_2_accuracy_source_2_corrupt_True_level_25,0.657031238,c_lbf,4,25,1,0.8,0,4,"[0.25, 0.25, 0.25, 0.25]"
accuracy_source_3_corrupt_False_level_0,0.657031238,c_lbf,4,25,1,0.8,0,4,"[0.25, 0.25, 0.25, 0.25]"
top_2_accuracy_source_3_corrupt_False_level_0,0.82421875,c_lbf,4,25,1,0.8,0,4,"[0.25, 0.25, 0.25, 0.25]"
accuracy_source_4_corrupt_False_level_0,0.655468762,c_lbf,4,25,1,0.8,0,4,"[0.25, 0.25, 0.25, 0.25]"
top_2_accuracy_source_4_corrupt_False_level_0,0.8046875,c_lbf,4,25,1,0.8,0,4,"[0.25, 0.25, 0.25, 0.25]"
accuracy_source_5_corrupt_False_level_0,0.643750012,c_lbf,4,25,1,0.8,0,4,"[0.25, 0.25, 0.25, 0.25]"
top_2_accuracy_source_5_corrupt_False_level_0,0.805468738,c_lbf,4,25,1,0.8,0,4,"[0.25, 0.25, 0.25, 0.25]"
accuracy_source_6_corrupt_True_level_25,0.474999994,c_lbf,4,25,1,0.8,0,4,"[0.25, 0.25, 0.25, 0.25]"
top_2_accuracy_source_6_corrupt_True_level_25,0.623437524,c_lbf,4,25,1,0.8,0,4,"[0.25, 0.25, 0.25, 0.25]"
accuracy_source_7_corrupt_True_level_25,0.516406238,c_lbf,4,25,1,0.8,0,4,"[0.25, 0.25, 0.25, 0.25]"
top_2_accuracy_source_7_corrupt_True_level_25,0.672656238,c_lbf,4,25,1,0.8,0,4,"[0.25, 0.25, 0.25, 0.25]"
accuracy_source_8_corrupt_False_level_0,0.631250024,c_lbf,4,25,1,0.8,0,4,"[0.25, 0.25, 0.25, 0.25]"
top_2_accuracy_source_8_corrupt_False_level_0,0.805468738,c_lbf,4,25,1,0.8,0,4,"[0.25, 0.25, 0.25, 0.25]"
accuracy_source_9_corrupt_True_level_25,0.502343774,c_lbf,4,25,1,0.8,0,4,"[0.25, 0.25, 0.25, 0.25]"
top_2_accuracy_source_9_corrupt_True_level_25,0.669531226,c_lbf,4,25,1,0.8,0,4,"[0.25, 0.25, 0.25, 0.25]"
accuracy,0.584679961,c_lbf,4,25,1,0.8,0,4,"[0.25, 0.25, 0.25, 0.25]"
top_2_accuracy,0.748257279,c_lbf,4,25,1,0.8,0,4,"[0.25, 0.25, 0.25, 0.25]"
test_accuracy,0.634500027,c_lbf,4,25,1,0.8,0,4,"[0.25, 0.25, 0.25, 0.25]"
test_top_2_accuracy,0.813799977,c_lbf,4,25,1,0.8,0,4,"[0.25, 0.25, 0.25, 0.25]"
accuracy_source_0_corrupt_False_level_0,0.649350643,c_lbf,4,25,1,0.8,0,4,"[0.25, 0.25, 0.25, 0.25]"
top_2_accuracy_source_0_corrupt_False_level_0,0.822240233,c_lbf,4,25,1,0.8,0,4,"[0.25, 0.25, 0.25, 0.25]"
accuracy_source_1_corrupt_False_level_0,0.627604187,c_lbf,4,25,1,0.8,0,4,"[0.25, 0.25, 0.25, 0.25]"
top_2_accuracy_source_1_corrupt_False_level_0,0.806423604,c_lbf,4,25,1,0.8,0,4,"[0.25, 0.25, 0.25, 0.25]"
accuracy_source_2_corrupt_True_level_25,0.495312512,c_lbf,4,25,1,0.8,0,4,"[0.25, 0.25, 0.25, 0.25]"
top_2_accuracy_source_2_corrupt_True_level_25,0.657031238,c_lbf,4,25,1,0.8,0,4,"[0.25, 0.25, 0.25, 0.25]"
accuracy_source_3_corrupt_False_level_0,0.657031238,c_lbf,4,25,1,0.8,0,4,"[0.25, 0.25, 0.25, 0.25]"
top_2_accuracy_source_3_corrupt_False_level_0,0.82421875,c_lbf,4,25,1,0.8,0,4,"[0.25, 0.25, 0.25, 0.25]"
accuracy_source_4_corrupt_False_level_0,0.655468762,c_lbf,4,25,1,0.8,0,4,"[0.25, 0.25, 0.25, 0.25]"
top_2_accuracy_source_4_corrupt_False_level_0,0.8046875,c_lbf,4,25,1,0.8,0,4,"[0.25, 0.25, 0.25, 0.25]"
accuracy_source_5_corrupt_False_level_0,0.643750012,c_lbf,4,25,1,0.8,0,4,"[0.25, 0.25, 0.25, 0.25]"
top_2_accuracy_source_5_corrupt_False_level_0,0.805468738,c_lbf,4,25,1,0.8,0,4,"[0.25, 0.25, 0.25, 0.25]"
accuracy_source_6_corrupt_True_level_25,0.474999994,c_lbf,4,25,1,0.8,0,4,"[0.25, 0.25, 0.25, 0.25]"
top_2_accuracy_source_6_corrupt_True_level_25,0.623437524,c_lbf,4,25,1,0.8,0,4,"[0.25, 0.25, 0.25, 0.25]"
accuracy_source_7_corrupt_True_level_25,0.516406238,c_lbf,4,25,1,0.8,0,4,"[0.25, 0.25, 0.25, 0.25]"
top_2_accuracy_source_7_corrupt_True_level_25,0.672656238,c_lbf,4,25,1,0.8,0,4,"[0.25, 0.25, 0.25, 0.25]"
accuracy_source_8_corrupt_False_level_0,0.631250024,c_lbf,4,25,1,0.8,0,4,"[0.25, 0.25, 0.25, 0.25]"
top_2_accuracy_source_8_corrupt_False_level_0,0.805468738,c_lbf,4,25,1,0.8,0,4,"[0.25, 0.25, 0.25, 0.25]"
accuracy_source_9_corrupt_True_level_25,0.502343774,c_lbf,4,25,1,0.8,0,4,"[0.25, 0.25, 0.25, 0.25]"
top_2_accuracy_source_9_corrupt_True_level_25,0.669531226,c_lbf,4,25,1,0.8,0,4,"[0.25, 0.25, 0.25, 0.25]"
accuracy,0.584679961,c_lbf,4,25,1,0.8,0,4,"[0.25, 0.25, 0.25, 0.25]"
top_2_accuracy,0.748257279,c_lbf,4,25,1,0.8,0,4,"[0.25, 0.25, 0.25, 0.25]"
test_accuracy,0.634500027,c_lbf,4,25,1,0.8,0,4,"[0.25, 0.25, 0.25, 0.25]"
test_top_2_accuracy,0.813799977,c_lbf,4,25,1,0.8,0,4,"[0.25, 0.25, 0.25, 0.25]"
accuracy_source_0_corrupt_False_level_0,0.63961041,c_lbf,4,25,1,0.8,0,4,"[0.1, 0.1, 0.1, 0.1]"
top_2_accuracy_source_0_corrupt_False_level_0,0.826298714,c_lbf,4,25,1,0.8,0,4,"[0.1, 0.1, 0.1, 0.1]"
accuracy_source_1_corrupt_False_level_0,0.642361104,c_lbf,4,25,1,0.8,0,4,"[0.1, 0.1, 0.1, 0.1]"
top_2_accuracy_source_1_corrupt_False_level_0,0.8203125,c_lbf,4,25,1,0.8,0,4,"[0.1, 0.1, 0.1, 0.1]"
accuracy_source_2_corrupt_True_level_10,0.595312476,c_lbf,4,25,1,0.8,0,4,"[0.1, 0.1, 0.1, 0.1]"
top_2_accuracy_source_2_corrupt_True_level_10,0.75,c_lbf,4,25,1,0.8,0,4,"[0.1, 0.1, 0.1, 0.1]"
accuracy_source_3_corrupt_False_level_0,0.657812476,c_lbf,4,25,1,0.8,0,4,"[0.1, 0.1, 0.1, 0.1]"
top_2_accuracy_source_3_corrupt_False_level_0,0.825781226,c_lbf,4,25,1,0.8,0,4,"[0.1, 0.1, 0.1, 0.1]"
accuracy_source_4_corrupt_False_level_0,0.647656262,c_lbf,4,25,1,0.8,0,4,"[0.1, 0.1, 0.1, 0.1]"
top_2_accuracy_source_4_corrupt_False_level_0,0.821093738,c_lbf,4,25,1,0.8,0,4,"[0.1, 0.1, 0.1, 0.1]"
accuracy_source_5_corrupt_False_level_0,0.640625,c_lbf,4,25,1,0.8,0,4,"[0.1, 0.1, 0.1, 0.1]"
top_2_accuracy_source_5_corrupt_False_level_0,0.8125,c_lbf,4,25,1,0.8,0,4,"[0.1, 0.1, 0.1, 0.1]"
accuracy_source_6_corrupt_True_level_10,0.573437512,c_lbf,4,25,1,0.8,0,4,"[0.1, 0.1, 0.1, 0.1]"
top_2_accuracy_source_6_corrupt_True_level_10,0.740625024,c_lbf,4,25,1,0.8,0,4,"[0.1, 0.1, 0.1, 0.1]"
accuracy_source_7_corrupt_True_level_10,0.596093774,c_lbf,4,25,1,0.8,0,4,"[0.1, 0.1, 0.1, 0.1]"
top_2_accuracy_source_7_corrupt_True_level_10,0.748437524,c_lbf,4,25,1,0.8,0,4,"[0.1, 0.1, 0.1, 0.1]"
accuracy_source_8_corrupt_False_level_0,0.645312488,c_lbf,4,25,1,0.8,0,4,"[0.1, 0.1, 0.1, 0.1]"
top_2_accuracy_source_8_corrupt_False_level_0,0.802343726,c_lbf,4,25,1,0.8,0,4,"[0.1, 0.1, 0.1, 0.1]"
accuracy_source_9_corrupt_True_level_10,0.616406262,c_lbf,4,25,1,0.8,0,4,"[0.1, 0.1, 0.1, 0.1]"
top_2_accuracy_source_9_corrupt_True_level_10,0.775781274,c_lbf,4,25,1,0.8,0,4,"[0.1, 0.1, 0.1, 0.1]"
accuracy,0.625237644,c_lbf,4,25,1,0.8,0,4,"[0.1, 0.1, 0.1, 0.1]"
top_2_accuracy,0.79190433,c_lbf,4,25,1,0.8,0,4,"[0.1, 0.1, 0.1, 0.1]"
test_accuracy,0.653400004,c_lbf,4,25,1,0.8,0,4,"[0.1, 0.1, 0.1, 0.1]"
test_top_2_accuracy,0.824699998,c_lbf,4,25,1,0.8,0,4,"[0.1, 0.1, 0.1, 0.1]"
accuracy_source_0_corrupt_False_level_0,0.667207778,c_lbf,4,25,0.5,0.8,0,4,"[0.1, 0.1, 0.1, 0.1]"
top_2_accuracy_source_0_corrupt_False_level_0,0.823863626,c_lbf,4,25,0.5,0.8,0,4,"[0.1, 0.1, 0.1, 0.1]"
accuracy_source_1_corrupt_False_level_0,0.637152791,c_lbf,4,25,0.5,0.8,0,4,"[0.1, 0.1, 0.1, 0.1]"
top_2_accuracy_source_1_corrupt_False_level_0,0.810763896,c_lbf,4,25,0.5,0.8,0,4,"[0.1, 0.1, 0.1, 0.1]"
accuracy_source_2_corrupt_True_level_10,0.595312476,c_lbf,4,25,0.5,0.8,0,4,"[0.1, 0.1, 0.1, 0.1]"
top_2_accuracy_source_2_corrupt_True_level_10,0.766406238,c_lbf,4,25,0.5,0.8,0,4,"[0.1, 0.1, 0.1, 0.1]"
accuracy_source_3_corrupt_False_level_0,0.639843762,c_lbf,4,25,0.5,0.8,0,4,"[0.1, 0.1, 0.1, 0.1]"
top_2_accuracy_source_3_corrupt_False_level_0,0.82421875,c_lbf,4,25,0.5,0.8,0,4,"[0.1, 0.1, 0.1, 0.1]"
accuracy_source_4_corrupt_False_level_0,0.65234375,c_lbf,4,25,0.5,0.8,0,4,"[0.1, 0.1, 0.1, 0.1]"
top_2_accuracy_source_4_corrupt_False_level_0,0.8203125,c_lbf,4,25,0.5,0.8,0,4,"[0.1, 0.1, 0.1, 0.1]"
accuracy_source_5_corrupt_False_level_0,0.627343774,c_lbf,4,25,0.5,0.8,0,4,"[0.1, 0.1, 0.1, 0.1]"
top_2_accuracy_source_5_corrupt_False_level_0,0.797656238,c_lbf,4,25,0.5,0.8,0,4,"[0.1, 0.1, 0.1, 0.1]"
accuracy_source_6_corrupt_True_level_10,0.5703125,c_lbf,4,25,0.5,0.8,0,4,"[0.1, 0.1, 0.1, 0.1]"
top_2_accuracy_source_6_corrupt_True_level_10,0.744531274,c_lbf,4,25,0.5,0.8,0,4,"[0.1, 0.1, 0.1, 0.1]"
accuracy_source_7_corrupt_True_level_10,0.587499976,c_lbf,4,25,0.5,0.8,0,4,"[0.1, 0.1, 0.1, 0.1]"
top_2_accuracy_source_7_corrupt_True_level_10,0.764062524,c_lbf,4,25,0.5,0.8,0,4,"[0.1, 0.1, 0.1, 0.1]"
accuracy_source_8_corrupt_False_level_0,0.647656262,c_lbf,4,25,0.5,0.8,0,4,"[0.1, 0.1, 0.1, 0.1]"
top_2_accuracy_source_8_corrupt_False_level_0,0.828906238,c_lbf,4,25,0.5,0.8,0,4,"[0.1, 0.1, 0.1, 0.1]"
accuracy_source_9_corrupt_True_level_10,0.596093774,c_lbf,4,25,0.5,0.8,0,4,"[0.1, 0.1, 0.1, 0.1]"
top_2_accuracy_source_9_corrupt_True_level_10,0.7734375,c_lbf,4,25,0.5,0.8,0,4,"[0.1, 0.1, 0.1, 0.1]"
accuracy,0.621752203,c_lbf,4,25,0.5,0.8,0,4,"[0.1, 0.1, 0.1, 0.1]"
top_2_accuracy,0.795152068,c_lbf,4,25,0.5,0.8,0,4,"[0.1, 0.1, 0.1, 0.1]"
test_accuracy,0.645200014,c_lbf,4,25,0.5,0.8,0,4,"[0.1, 0.1, 0.1, 0.1]"
test_top_2_accuracy,0.823499978,c_lbf,4,25,0.5,0.8,0,4,"[0.1, 0.1, 0.1, 0.1]"
accuracy_source_0_corrupt_False_level_0,0.653409064,c_lbf,4,25,0.5,0.8,0,4,"[0.25, 0.25, 0.25, 0.25]"
top_2_accuracy_source_0_corrupt_False_level_0,0.830357134,c_lbf,4,25,0.5,0.8,0,4,"[0.25, 0.25, 0.25, 0.25]"
accuracy_source_1_corrupt_False_level_0,0.640625,c_lbf,4,25,0.5,0.8,0,4,"[0.25, 0.25, 0.25, 0.25]"
top_2_accuracy_source_1_corrupt_False_level_0,0.810763896,c_lbf,4,25,0.5,0.8,0,4,"[0.25, 0.25, 0.25, 0.25]"
accuracy_source_2_corrupt_True_level_25,0.507031262,c_lbf,4,25,0.5,0.8,0,4,"[0.25, 0.25, 0.25, 0.25]"
top_2_accuracy_source_2_corrupt_True_level_25,0.666406274,c_lbf,4,25,0.5,0.8,0,4,"[0.25, 0.25, 0.25, 0.25]"
accuracy_source_3_corrupt_False_level_0,0.658593774,c_lbf,4,25,0.5,0.8,0,4,"[0.25, 0.25, 0.25, 0.25]"
top_2_accuracy_source_3_corrupt_False_level_0,0.817187488,c_lbf,4,25,0.5,0.8,0,4,"[0.25, 0.25, 0.25, 0.25]"
accuracy_source_4_corrupt_False_level_0,0.6796875,c_lbf,4,25,0.5,0.8,0,4,"[0.25, 0.25, 0.25, 0.25]"
top_2_accuracy_source_4_corrupt_False_level_0,0.829687476,c_lbf,4,25,0.5,0.8,0,4,"[0.25, 0.25, 0.25, 0.25]"
accuracy_source_5_corrupt_False_level_0,0.63671875,c_lbf,4,25,0.5,0.8,0,4,"[0.25, 0.25, 0.25, 0.25]"
top_2_accuracy_source_5_corrupt_False_level_0,0.807812512,c_lbf,4,25,0.5,0.8,0,4,"[0.25, 0.25, 0.25, 0.25]"
accuracy_source_6_corrupt_True_level_25,0.48828125,c_lbf,4,25,0.5,0.8,0,4,"[0.25, 0.25, 0.25, 0.25]"
top_2_accuracy_source_6_corrupt_True_level_25,0.631250024,c_lbf,4,25,0.5,0.8,0,4,"[0.25, 0.25, 0.25, 0.25]"
accuracy_source_7_corrupt_True_level_25,0.534375012,c_lbf,4,25,0.5,0.8,0,4,"[0.25, 0.25, 0.25, 0.25]"
top_2_accuracy_source_7_corrupt_True_level_25,0.68359375,c_lbf,4,25,0.5,0.8,0,4,"[0.25, 0.25, 0.25, 0.25]"
accuracy_source_8_corrupt_False_level_0,0.63671875,c_lbf,4,25,0.5,0.8,0,4,"[0.25, 0.25, 0.25, 0.25]"
top_2_accuracy_source_8_corrupt_False_level_0,0.799218774,c_lbf,4,25,0.5,0.8,0,4,"[0.25, 0.25, 0.25, 0.25]"
accuracy_source_9_corrupt_True_level_25,0.508593738,c_lbf,4,25,0.5,0.8,0,4,"[0.25, 0.25, 0.25, 0.25]"
top_2_accuracy_source_9_corrupt_True_level_25,0.666406274,c_lbf,4,25,0.5,0.8,0,4,"[0.25, 0.25, 0.25, 0.25]"
accuracy,0.593710423,c_lbf,4,25,0.5,0.8,0,4,"[0.25, 0.25, 0.25, 0.25]"
top_2_accuracy,0.753406227,c_lbf,4,25,0.5,0.8,0,4,"[0.25, 0.25, 0.25, 0.25]"
test_accuracy,0.652899981,c_lbf,4,25,0.5,0.8,0,4,"[0.25, 0.25, 0.25, 0.25]"
test_top_2_accuracy,0.825299978,c_lbf,4,25,0.5,0.8,0,4,"[0.25, 0.25, 0.25, 0.25]"
accuracy_source_0_corrupt_False_level_0,0.65422076,c_lbf,4,50,1,0.8,0,4,"[0.25, 0.25, 0.25, 0.25]"
top_2_accuracy_source_0_corrupt_False_level_0,0.824675322,c_lbf,4,50,1,0.8,0,4,"[0.25, 0.25, 0.25, 0.25]"
accuracy_source_1_corrupt_False_level_0,0.636284709,c_lbf,4,50,1,0.8,0,4,"[0.25, 0.25, 0.25, 0.25]"
top_2_accuracy_source_1_corrupt_False_level_0,0.803819418,c_lbf,4,50,1,0.8,0,4,"[0.25, 0.25, 0.25, 0.25]"
accuracy_source_2_corrupt_True_level_25,0.498437494,c_lbf,4,50,1,0.8,0,4,"[0.25, 0.25, 0.25, 0.25]"
top_2_accuracy_source_2_corrupt_True_level_25,0.653906226,c_lbf,4,50,1,0.8,0,4,"[0.25, 0.25, 0.25, 0.25]"
accuracy_source_3_corrupt_False_level_0,0.671093762,c_lbf,4,50,1,0.8,0,4,"[0.25, 0.25, 0.25, 0.25]"
top_2_accuracy_source_3_corrupt_False_level_0,0.818750024,c_lbf,4,50,1,0.8,0,4,"[0.25, 0.25, 0.25, 0.25]"
accuracy_source_4_corrupt_False_level_0,0.669531226,c_lbf,4,50,1,0.8,0,4,"[0.25, 0.25, 0.25, 0.25]"
top_2_accuracy_source_4_corrupt_False_level_0,0.835156262,c_lbf,4,50,1,0.8,0,4,"[0.25, 0.25, 0.25, 0.25]"
accuracy_source_5_corrupt_False_level_0,0.639062524,c_lbf,4,50,1,0.8,0,4,"[0.25, 0.25, 0.25, 0.25]"
top_2_accuracy_source_5_corrupt_False_level_0,0.814843774,c_lbf,4,50,1,0.8,0,4,"[0.25, 0.25, 0.25, 0.25]"
accuracy_source_6_corrupt_True_level_25,0.483593762,c_lbf,4,50,1,0.8,0,4,"[0.25, 0.25, 0.25, 0.25]"
top_2_accuracy_source_6_corrupt_True_level_25,0.634374976,c_lbf,4,50,1,0.8,0,4,"[0.25, 0.25, 0.25, 0.25]"
accuracy_source_7_corrupt_True_level_25,0.532031238,c_lbf,4,50,1,0.8,0,4,"[0.25, 0.25, 0.25, 0.25]"
top_2_accuracy_source_7_corrupt_True_level_25,0.676562488,c_lbf,4,50,1,0.8,0,4,"[0.25, 0.25, 0.25, 0.25]"
accuracy_source_8_corrupt_False_level_0,0.646093726,c_lbf,4,50,1,0.8,0,4,"[0.25, 0.25, 0.25, 0.25]"
top_2_accuracy_source_8_corrupt_False_level_0,0.80078125,c_lbf,4,50,1,0.8,0,4,"[0.25, 0.25, 0.25, 0.25]"
accuracy_source_9_corrupt_True_level_25,0.513281226,c_lbf,4,50,1,0.8,0,4,"[0.25, 0.25, 0.25, 0.25]"
top_2_accuracy_source_9_corrupt_True_level_25,0.666406274,c_lbf,4,50,1,0.8,0,4,"[0.25, 0.25, 0.25, 0.25]"
accuracy,0.593710423,c_lbf,4,50,1,0.8,0,4,"[0.25, 0.25, 0.25, 0.25]"
top_2_accuracy,0.752138793,c_lbf,4,50,1,0.8,0,4,"[0.25, 0.25, 0.25, 0.25]"
test_accuracy,0.648800015,c_lbf,4,50,1,0.8,0,4,"[0.25, 0.25, 0.25, 0.25]"
test_top_2_accuracy,0.823700011,c_lbf,4,50,1,0.8,0,4,"[0.25, 0.25, 0.25, 0.25]"
accuracy_source_0_corrupt_False_level_0,0.655032456,c_lbf,4,25,1,1.6,0,4,"[0.25, 0.25, 0.25, 0.25]"
top_2_accuracy_source_0_corrupt_False_level_0,0.825487018,c_lbf,4,25,1,1.6,0,4,"[0.25, 0.25, 0.25, 0.25]"
accuracy_source_1_corrupt_False_level_0,0.650173604,c_lbf,4,25,1,1.6,0,4,"[0.25, 0.25, 0.25, 0.25]"
top_2_accuracy_source_1_corrupt_False_level_0,0.807291687,c_lbf,4,25,1,1.6,0,4,"[0.25, 0.25, 0.25, 0.25]"
accuracy_source_2_corrupt_True_level_25,0.489062488,c_lbf,4,25,1,1.6,0,4,"[0.25, 0.25, 0.25, 0.25]"
top_2_accuracy_source_2_corrupt_True_level_25,0.660937488,c_lbf,4,25,1,1.6,0,4,"[0.25, 0.25, 0.25, 0.25]"
accuracy_source_3_corrupt_False_level_0,0.6484375,c_lbf,4,25,1,1.6,0,4,"[0.25, 0.25, 0.25, 0.25]"
top_2_accuracy_source_3_corrupt_False_level_0,0.815625012,c_lbf,4,25,1,1.6,0,4,"[0.25, 0.25, 0.25, 0.25]"
accuracy_source_4_corrupt_False_level_0,0.657031238,c_lbf,4,25,1,1.6,0,4,"[0.25, 0.25, 0.25, 0.25]"
top_2_accuracy_source_4_corrupt_False_level_0,0.82421875,c_lbf,4,25,1,1.6,0,4,"[0.25, 0.25, 0.25, 0.25]"
accuracy_source_5_corrupt_False_level_0,0.638281226,c_lbf,4,25,1,1.6,0,4,"[0.25, 0.25, 0.25, 0.25]"
top_2_accuracy_source_5_corrupt_False_level_0,0.8125,c_lbf,4,25,1,1.6,0,4,"[0.25, 0.25, 0.25, 0.25]"
accuracy_source_6_corrupt_True_level_25,0.491406262,c_lbf,4,25,1,1.6,0,4,"[0.25, 0.25, 0.25, 0.25]"
top_2_accuracy_source_6_corrupt_True_level_25,0.64453125,c_lbf,4,25,1,1.6,0,4,"[0.25, 0.25, 0.25, 0.25]"
accuracy_source_7_corrupt_True_level_25,0.529687524,c_lbf,4,25,1,1.6,0,4,"[0.25, 0.25, 0.25, 0.25]"
top_2_accuracy_source_7_corrupt_True_level_25,0.694531262,c_lbf,4,25,1,1.6,0,4,"[0.25, 0.25, 0.25, 0.25]"
accuracy_source_8_corrupt_False_level_0,0.650781274,c_lbf,4,25,1,1.6,0,4,"[0.25, 0.25, 0.25, 0.25]"
top_2_accuracy_source_8_corrupt_False_level_0,0.796875,c_lbf,4,25,1,1.6,0,4,"[0.25, 0.25, 0.25, 0.25]"
accuracy_source_9_corrupt_True_level_25,0.509374976,c_lbf,4,25,1,1.6,0,4,"[0.25, 0.25, 0.25, 0.25]"
top_2_accuracy_source_9_corrupt_True_level_25,0.671875,c_lbf,4,25,1,1.6,0,4,"[0.25, 0.25, 0.25, 0.25]"
accuracy,0.591096342,c_lbf,4,25,1,1.6,0,4,"[0.25, 0.25, 0.25, 0.25]"
top_2_accuracy,0.754594445,c_lbf,4,25,1,1.6,0,4,"[0.25, 0.25, 0.25, 0.25]"
test_accuracy,0.64230001,c_lbf,4,25,1,1.6,0,4,"[0.25, 0.25, 0.25, 0.25]"
test_top_2_accuracy,0.817799985,c_lbf,4,25,1,1.6,0,4,"[0.25, 0.25, 0.25, 0.25]"
accuracy_source_0_corrupt_False_level_0,0.653409064,c_lbf,4,25,1,1.6,0,4,"[0.1, 0.1, 0.1, 0.1]"
top_2_accuracy_source_0_corrupt_False_level_0,0.840097427,c_lbf,4,25,1,1.6,0,4,"[0.1, 0.1, 0.1, 0.1]"
accuracy_source_1_corrupt_False_level_0,0.655381918,c_lbf,4,25,1,1.6,0,4,"[0.1, 0.1, 0.1, 0.1]"
top_2_accuracy_source_1_corrupt_False_level_0,0.823784709,c_lbf,4,25,1,1.6,0,4,"[0.1, 0.1, 0.1, 0.1]"
accuracy_source_2_corrupt_True_level_10,0.592187524,c_lbf,4,25,1,1.6,0,4,"[0.1, 0.1, 0.1, 0.1]"
top_2_accuracy_source_2_corrupt_True_level_10,0.760156274,c_lbf,4,25,1,1.6,0,4,"[0.1, 0.1, 0.1, 0.1]"
accuracy_source_3_corrupt_False_level_0,0.673437476,c_lbf,4,25,1,1.6,0,4,"[0.1, 0.1, 0.1, 0.1]"
top_2_accuracy_source_3_corrupt_False_level_0,0.828125,c_lbf,4,25,1,1.6,0,4,"[0.1, 0.1, 0.1, 0.1]"
accuracy_source_4_corrupt_False_level_0,0.669531226,c_lbf,4,25,1,1.6,0,4,"[0.1, 0.1, 0.1, 0.1]"
top_2_accuracy_source_4_corrupt_False_level_0,0.832812488,c_lbf,4,25,1,1.6,0,4,"[0.1, 0.1, 0.1, 0.1]"
accuracy_source_5_corrupt_False_level_0,0.655468762,c_lbf,4,25,1,1.6,0,4,"[0.1, 0.1, 0.1, 0.1]"
top_2_accuracy_source_5_corrupt_False_level_0,0.805468738,c_lbf,4,25,1,1.6,0,4,"[0.1, 0.1, 0.1, 0.1]"
accuracy_source_6_corrupt_True_level_10,0.592187524,c_lbf,4,25,1,1.6,0,4,"[0.1, 0.1, 0.1, 0.1]"
top_2_accuracy_source_6_corrupt_True_level_10,0.734375,c_lbf,4,25,1,1.6,0,4,"[0.1, 0.1, 0.1, 0.1]"
accuracy_source_7_corrupt_True_level_10,0.603124976,c_lbf,4,25,1,1.6,0,4,"[0.1, 0.1, 0.1, 0.1]"
top_2_accuracy_source_7_corrupt_True_level_10,0.75390625,c_lbf,4,25,1,1.6,0,4,"[0.1, 0.1, 0.1, 0.1]"
accuracy_source_8_corrupt_False_level_0,0.647656262,c_lbf,4,25,1,1.6,0,4,"[0.1, 0.1, 0.1, 0.1]"
top_2_accuracy_source_8_corrupt_False_level_0,0.821093738,c_lbf,4,25,1,1.6,0,4,"[0.1, 0.1, 0.1, 0.1]"
accuracy_source_9_corrupt_True_level_10,0.631250024,c_lbf,4,25,1,1.6,0,4,"[0.1, 0.1, 0.1, 0.1]"
top_2_accuracy_source_9_corrupt_True_level_10,0.774218738,c_lbf,4,25,1,1.6,0,4,"[0.1, 0.1, 0.1, 0.1]"
accuracy,0.63711977,c_lbf,4,25,1,1.6,0,4,"[0.1, 0.1, 0.1, 0.1]"
top_2_accuracy,0.796974003,c_lbf,4,25,1,1.6,0,4,"[0.1, 0.1, 0.1, 0.1]"
test_accuracy,0.66049999,c_lbf,4,25,1,1.6,0,4,"[0.1, 0.1, 0.1, 0.1]"
test_top_2_accuracy,0.826099992,c_lbf,4,25,1,1.6,0,4,"[0.1, 0.1, 0.1, 0.1]"
accuracy_source_0_corrupt_False_level_0,0.63961041,c_lbf,4,25,1,0.8,0,4,"[0.1, 0.1, 0.1, 0.1]"
top_2_accuracy_source_0_corrupt_False_level_0,0.826298714,c_lbf,4,25,1,0.8,0,4,"[0.1, 0.1, 0.1, 0.1]"
accuracy_source_1_corrupt_False_level_0,0.642361104,c_lbf,4,25,1,0.8,0,4,"[0.1, 0.1, 0.1, 0.1]"
top_2_accuracy_source_1_corrupt_False_level_0,0.8203125,c_lbf,4,25,1,0.8,0,4,"[0.1, 0.1, 0.1, 0.1]"
accuracy_source_2_corrupt_True_level_10,0.595312476,c_lbf,4,25,1,0.8,0,4,"[0.1, 0.1, 0.1, 0.1]"
top_2_accuracy_source_2_corrupt_True_level_10,0.75,c_lbf,4,25,1,0.8,0,4,"[0.1, 0.1, 0.1, 0.1]"
accuracy_source_3_corrupt_False_level_0,0.657812476,c_lbf,4,25,1,0.8,0,4,"[0.1, 0.1, 0.1, 0.1]"
top_2_accuracy_source_3_corrupt_False_level_0,0.825781226,c_lbf,4,25,1,0.8,0,4,"[0.1, 0.1, 0.1, 0.1]"
accuracy_source_4_corrupt_False_level_0,0.647656262,c_lbf,4,25,1,0.8,0,4,"[0.1, 0.1, 0.1, 0.1]"
top_2_accuracy_source_4_corrupt_False_level_0,0.821093738,c_lbf,4,25,1,0.8,0,4,"[0.1, 0.1, 0.1, 0.1]"
accuracy_source_5_corrupt_False_level_0,0.640625,c_lbf,4,25,1,0.8,0,4,"[0.1, 0.1, 0.1, 0.1]"
top_2_accuracy_source_5_corrupt_False_level_0,0.8125,c_lbf,4,25,1,0.8,0,4,"[0.1, 0.1, 0.1, 0.1]"
accuracy_source_6_corrupt_True_level_10,0.573437512,c_lbf,4,25,1,0.8,0,4,"[0.1, 0.1, 0.1, 0.1]"
top_2_accuracy_source_6_corrupt_True_level_10,0.740625024,c_lbf,4,25,1,0.8,0,4,"[0.1, 0.1, 0.1, 0.1]"
accuracy_source_7_corrupt_True_level_10,0.596093774,c_lbf,4,25,1,0.8,0,4,"[0.1, 0.1, 0.1, 0.1]"
top_2_accuracy_source_7_corrupt_True_level_10,0.748437524,c_lbf,4,25,1,0.8,0,4,"[0.1, 0.1, 0.1, 0.1]"
accuracy_source_8_corrupt_False_level_0,0.645312488,c_lbf,4,25,1,0.8,0,4,"[0.1, 0.1, 0.1, 0.1]"
top_2_accuracy_source_8_corrupt_False_level_0,0.802343726,c_lbf,4,25,1,0.8,0,4,"[0.1, 0.1, 0.1, 0.1]"
accuracy_source_9_corrupt_True_level_10,0.616406262,c_lbf,4,25,1,0.8,0,4,"[0.1, 0.1, 0.1, 0.1]"
top_2_accuracy_source_9_corrupt_True_level_10,0.775781274,c_lbf,4,25,1,0.8,0,4,"[0.1, 0.1, 0.1, 0.1]"
accuracy,0.625237644,c_lbf,4,25,1,0.8,0,4,"[0.1, 0.1, 0.1, 0.1]"
top_2_accuracy,0.79190433,c_lbf,4,25,1,0.8,0,4,"[0.1, 0.1, 0.1, 0.1]"
test_accuracy,0.653400004,c_lbf,4,25,1,0.8,0,4,"[0.1, 0.1, 0.1, 0.1]"
test_top_2_accuracy,0.824699998,c_lbf,4,25,1,0.8,0,4,"[0.1, 0.1, 0.1, 0.1]"
accuracy_source_0_corrupt_False_level_0,0.649350643,c_lbf,4,25,1,0.8,0,4,"[0.25, 0.25, 0.25, 0.25]"
top_2_accuracy_source_0_corrupt_False_level_0,0.822240233,c_lbf,4,25,1,0.8,0,4,"[0.25, 0.25, 0.25, 0.25]"
accuracy_source_1_corrupt_False_level_0,0.627604187,c_lbf,4,25,1,0.8,0,4,"[0.25, 0.25, 0.25, 0.25]"
top_2_accuracy_source_1_corrupt_False_level_0,0.806423604,c_lbf,4,25,1,0.8,0,4,"[0.25, 0.25, 0.25, 0.25]"
accuracy_source_2_corrupt_True_level_25,0.495312512,c_lbf,4,25,1,0.8,0,4,"[0.25, 0.25, 0.25, 0.25]"
top_2_accuracy_source_2_corrupt_True_level_25,0.657031238,c_lbf,4,25,1,0.8,0,4,"[0.25, 0.25, 0.25, 0.25]"
accuracy_source_3_corrupt_False_level_0,0.657031238,c_lbf,4,25,1,0.8,0,4,"[0.25, 0.25, 0.25, 0.25]"
top_2_accuracy_source_3_corrupt_False_level_0,0.82421875,c_lbf,4,25,1,0.8,0,4,"[0.25, 0.25, 0.25, 0.25]"
accuracy_source_4_corrupt_False_level_0,0.655468762,c_lbf,4,25,1,0.8,0,4,"[0.25, 0.25, 0.25, 0.25]"
top_2_accuracy_source_4_corrupt_False_level_0,0.8046875,c_lbf,4,25,1,0.8,0,4,"[0.25, 0.25, 0.25, 0.25]"
accuracy_source_5_corrupt_False_level_0,0.643750012,c_lbf,4,25,1,0.8,0,4,"[0.25, 0.25, 0.25, 0.25]"
top_2_accuracy_source_5_corrupt_False_level_0,0.805468738,c_lbf,4,25,1,0.8,0,4,"[0.25, 0.25, 0.25, 0.25]"
accuracy_source_6_corrupt_True_level_25,0.474999994,c_lbf,4,25,1,0.8,0,4,"[0.25, 0.25, 0.25, 0.25]"
top_2_accuracy_source_6_corrupt_True_level_25,0.623437524,c_lbf,4,25,1,0.8,0,4,"[0.25, 0.25, 0.25, 0.25]"
accuracy_source_7_corrupt_True_level_25,0.516406238,c_lbf,4,25,1,0.8,0,4,"[0.25, 0.25, 0.25, 0.25]"
top_2_accuracy_source_7_corrupt_True_level_25,0.672656238,c_lbf,4,25,1,0.8,0,4,"[0.25, 0.25, 0.25, 0.25]"
accuracy_source_8_corrupt_False_level_0,0.631250024,c_lbf,4,25,1,0.8,0,4,"[0.25, 0.25, 0.25, 0.25]"
top_2_accuracy_source_8_corrupt_False_level_0,0.805468738,c_lbf,4,25,1,0.8,0,4,"[0.25, 0.25, 0.25, 0.25]"
accuracy_source_9_corrupt_True_level_25,0.502343774,c_lbf,4,25,1,0.8,0,4,"[0.25, 0.25, 0.25, 0.25]"
top_2_accuracy_source_9_corrupt_True_level_25,0.669531226,c_lbf,4,25,1,0.8,0,4,"[0.25, 0.25, 0.25, 0.25]"
accuracy,0.584679961,c_lbf,4,25,1,0.8,0,4,"[0.25, 0.25, 0.25, 0.25]"
top_2_accuracy,0.748257279,c_lbf,4,25,1,0.8,0,4,"[0.25, 0.25, 0.25, 0.25]"
test_accuracy,0.634500027,c_lbf,4,25,1,0.8,0,4,"[0.25, 0.25, 0.25, 0.25]"
test_top_2_accuracy,0.813799977,c_lbf,4,25,1,0.8,0,4,"[0.25, 0.25, 0.25, 0.25]"
accuracy_source_0_corrupt_False_level_0,0.103896104,c_lbf,4,25,1,0.2,0,4,"[1.0, 1.0, 1.0, 1.0]"
top_2_accuracy_source_0_corrupt_False_level_0,0.219155848,c_lbf,4,25,1,0.2,0,4,"[1.0, 1.0, 1.0, 1.0]"
accuracy_source_1_corrupt_False_level_0,0.113715276,c_lbf,4,25,1,0.2,0,4,"[1.0, 1.0, 1.0, 1.0]"
top_2_accuracy_source_1_corrupt_False_level_0,0.202256948,c_lbf,4,25,1,0.2,0,4,"[1.0, 1.0, 1.0, 1.0]"
accuracy_source_2_corrupt_True_level_100,0,c_lbf,4,25,1,0.2,0,4,"[1.0, 1.0, 1.0, 1.0]"
top_2_accuracy_source_2_corrupt_True_level_100,0.100000001,c_lbf,4,25,1,0.2,0,4,"[1.0, 1.0, 1.0, 1.0]"
accuracy_source_3_corrupt_False_level_0,0.095312499,c_lbf,4,25,1,0.2,0,4,"[1.0, 1.0, 1.0, 1.0]"
top_2_accuracy_source_3_corrupt_False_level_0,0.202343747,c_lbf,4,25,1,0.2,0,4,"[1.0, 1.0, 1.0, 1.0]"
accuracy_source_4_corrupt_False_level_0,0.1015625,c_lbf,4,25,1,0.2,0,4,"[1.0, 1.0, 1.0, 1.0]"
top_2_accuracy_source_4_corrupt_False_level_0,0.1953125,c_lbf,4,25,1,0.2,0,4,"[1.0, 1.0, 1.0, 1.0]"
accuracy_source_5_corrupt_False_level_0,0.103124999,c_lbf,4,25,1,0.2,0,4,"[1.0, 1.0, 1.0, 1.0]"
top_2_accuracy_source_5_corrupt_False_level_0,0.196875006,c_lbf,4,25,1,0.2,0,4,"[1.0, 1.0, 1.0, 1.0]"
accuracy_source_6_corrupt_True_level_100,0.200000003,c_lbf,4,25,1,0.2,0,4,"[1.0, 1.0, 1.0, 1.0]"
top_2_accuracy_source_6_corrupt_True_level_100,0.300000012,c_lbf,4,25,1,0.2,0,4,"[1.0, 1.0, 1.0, 1.0]"
accuracy_source_7_corrupt_True_level_100,0.200000003,c_lbf,4,25,1,0.2,0,4,"[1.0, 1.0, 1.0, 1.0]"
top_2_accuracy_source_7_corrupt_True_level_100,0.400000006,c_lbf,4,25,1,0.2,0,4,"[1.0, 1.0, 1.0, 1.0]"
accuracy_source_8_corrupt_False_level_0,0.098437503,c_lbf,4,25,1,0.2,0,4,"[1.0, 1.0, 1.0, 1.0]"
top_2_accuracy_source_8_corrupt_False_level_0,0.20703125,c_lbf,4,25,1,0.2,0,4,"[1.0, 1.0, 1.0, 1.0]"
accuracy_source_9_corrupt_True_level_100,0.300000012,c_lbf,4,25,1,0.2,0,4,"[1.0, 1.0, 1.0, 1.0]"
top_2_accuracy_source_9_corrupt_True_level_100,0.400000006,c_lbf,4,25,1,0.2,0,4,"[1.0, 1.0, 1.0, 1.0]"
accuracy,0.131891638,c_lbf,4,25,1,0.2,0,4,"[1.0, 1.0, 1.0, 1.0]"
top_2_accuracy,0.242791504,c_lbf,4,25,1,0.2,0,4,"[1.0, 1.0, 1.0, 1.0]"
test_accuracy,0.100000001,c_lbf,4,25,1,0.2,0,4,"[1.0, 1.0, 1.0, 1.0]"
test_top_2_accuracy,0.200000003,c_lbf,4,25,1,0.2,0,4,"[1.0, 1.0, 1.0, 1.0]"
accuracy_source_0_corrupt_False_level_0,0.103896104,c_lbf,4,25,1,0.4,0,4,"[1.0, 1.0, 1.0, 1.0]"
top_2_accuracy_source_0_corrupt_False_level_0,0.219155848,c_lbf,4,25,1,0.4,0,4,"[1.0, 1.0, 1.0, 1.0]"
accuracy_source_1_corrupt_False_level_0,0.113715276,c_lbf,4,25,1,0.4,0,4,"[1.0, 1.0, 1.0, 1.0]"
top_2_accuracy_source_1_corrupt_False_level_0,0.202256948,c_lbf,4,25,1,0.4,0,4,"[1.0, 1.0, 1.0, 1.0]"
accuracy_source_2_corrupt_True_level_100,0,c_lbf,4,25,1,0.4,0,4,"[1.0, 1.0, 1.0, 1.0]"
top_2_accuracy_source_2_corrupt_True_level_100,0.100000001,c_lbf,4,25,1,0.4,0,4,"[1.0, 1.0, 1.0, 1.0]"
accuracy_source_3_corrupt_False_level_0,0.095312499,c_lbf,4,25,1,0.4,0,4,"[1.0, 1.0, 1.0, 1.0]"
top_2_accuracy_source_3_corrupt_False_level_0,0.202343747,c_lbf,4,25,1,0.4,0,4,"[1.0, 1.0, 1.0, 1.0]"
accuracy_source_4_corrupt_False_level_0,0.1015625,c_lbf,4,25,1,0.4,0,4,"[1.0, 1.0, 1.0, 1.0]"
top_2_accuracy_source_4_corrupt_False_level_0,0.1953125,c_lbf,4,25,1,0.4,0,4,"[1.0, 1.0, 1.0, 1.0]"
accuracy_source_5_corrupt_False_level_0,0.103124999,c_lbf,4,25,1,0.4,0,4,"[1.0, 1.0, 1.0, 1.0]"
top_2_accuracy_source_5_corrupt_False_level_0,0.196875006,c_lbf,4,25,1,0.4,0,4,"[1.0, 1.0, 1.0, 1.0]"
accuracy_source_6_corrupt_True_level_100,0.200000003,c_lbf,4,25,1,0.4,0,4,"[1.0, 1.0, 1.0, 1.0]"
top_2_accuracy_source_6_corrupt_True_level_100,0.300000012,c_lbf,4,25,1,0.4,0,4,"[1.0, 1.0, 1.0, 1.0]"
accuracy_source_7_corrupt_True_level_100,0.200000003,c_lbf,4,25,1,0.4,0,4,"[1.0, 1.0, 1.0, 1.0]"
top_2_accuracy_source_7_corrupt_True_level_100,0.400000006,c_lbf,4,25,1,0.4,0,4,"[1.0, 1.0, 1.0, 1.0]"
accuracy_source_8_corrupt_False_level_0,0.098437503,c_lbf,4,25,1,0.4,0,4,"[1.0, 1.0, 1.0, 1.0]"
top_2_accuracy_source_8_corrupt_False_level_0,0.20703125,c_lbf,4,25,1,0.4,0,4,"[1.0, 1.0, 1.0, 1.0]"
accuracy_source_9_corrupt_True_level_100,0.300000012,c_lbf,4,25,1,0.4,0,4,"[1.0, 1.0, 1.0, 1.0]"
top_2_accuracy_source_9_corrupt_True_level_100,0.400000006,c_lbf,4,25,1,0.4,0,4,"[1.0, 1.0, 1.0, 1.0]"
accuracy,0.131891638,c_lbf,4,25,1,0.4,0,4,"[1.0, 1.0, 1.0, 1.0]"
top_2_accuracy,0.242791504,c_lbf,4,25,1,0.4,0,4,"[1.0, 1.0, 1.0, 1.0]"
test_accuracy,0.100000001,c_lbf,4,25,1,0.4,0,4,"[1.0, 1.0, 1.0, 1.0]"
test_top_2_accuracy,0.200000003,c_lbf,4,25,1,0.4,0,4,"[1.0, 1.0, 1.0, 1.0]"
accuracy_source_0_corrupt_False_level_0,0.51866883,c_lbf,4,1,1,0.8,0,4,"[1.0, 1.0, 1.0, 1.0]"
top_2_accuracy_source_0_corrupt_False_level_0,0.723214269,c_lbf,4,1,1,0.8,0,4,"[1.0, 1.0, 1.0, 1.0]"
accuracy_source_1_corrupt_False_level_0,0.510416687,c_lbf,4,1,1,0.8,0,4,"[1.0, 1.0, 1.0, 1.0]"
top_2_accuracy_source_1_corrupt_False_level_0,0.723090291,c_lbf,4,1,1,0.8,0,4,"[1.0, 1.0, 1.0, 1.0]"
accuracy_source_2_corrupt_True_level_100,0.100000001,c_lbf,4,1,1,0.8,0,4,"[1.0, 1.0, 1.0, 1.0]"
top_2_accuracy_source_2_corrupt_True_level_100,0.217187494,c_lbf,4,1,1,0.8,0,4,"[1.0, 1.0, 1.0, 1.0]"
accuracy_source_3_corrupt_False_level_0,0.536718726,c_lbf,4,1,1,0.8,0,4,"[1.0, 1.0, 1.0, 1.0]"
top_2_accuracy_source_3_corrupt_False_level_0,0.740625024,c_lbf,4,1,1,0.8,0,4,"[1.0, 1.0, 1.0, 1.0]"
accuracy_source_4_corrupt_False_level_0,0.528124988,c_lbf,4,1,1,0.8,0,4,"[1.0, 1.0, 1.0, 1.0]"
top_2_accuracy_source_4_corrupt_False_level_0,0.7109375,c_lbf,4,1,1,0.8,0,4,"[1.0, 1.0, 1.0, 1.0]"
accuracy_source_5_corrupt_False_level_0,0.524999976,c_lbf,4,1,1,0.8,0,4,"[1.0, 1.0, 1.0, 1.0]"
top_2_accuracy_source_5_corrupt_False_level_0,0.716406226,c_lbf,4,1,1,0.8,0,4,"[1.0, 1.0, 1.0, 1.0]"
accuracy_source_6_corrupt_True_level_100,0.100781247,c_lbf,4,1,1,0.8,0,4,"[1.0, 1.0, 1.0, 1.0]"
top_2_accuracy_source_6_corrupt_True_level_100,0.193749994,c_lbf,4,1,1,0.8,0,4,"[1.0, 1.0, 1.0, 1.0]"
accuracy_source_7_corrupt_True_level_100,0.096093751,c_lbf,4,1,1,0.8,0,4,"[1.0, 1.0, 1.0, 1.0]"
top_2_accuracy_source_7_corrupt_True_level_100,0.221874997,c_lbf,4,1,1,0.8,0,4,"[1.0, 1.0, 1.0, 1.0]"
accuracy_source_8_corrupt_False_level_0,0.525781274,c_lbf,4,1,1,0.8,0,4,"[1.0, 1.0, 1.0, 1.0]"
top_2_accuracy_source_8_corrupt_False_level_0,0.71875,c_lbf,4,1,1,0.8,0,4,"[1.0, 1.0, 1.0, 1.0]"
accuracy_source_9_corrupt_True_level_100,0.120312497,c_lbf,4,1,1,0.8,0,4,"[1.0, 1.0, 1.0, 1.0]"
top_2_accuracy_source_9_corrupt_True_level_100,0.224999994,c_lbf,4,1,1,0.8,0,4,"[1.0, 1.0, 1.0, 1.0]"
accuracy,0.354008228,c_lbf,4,1,1,0.8,0,4,"[1.0, 1.0, 1.0, 1.0]"
top_2_accuracy,0.516238928,c_lbf,4,1,1,0.8,0,4,"[1.0, 1.0, 1.0, 1.0]"
test_accuracy,0.514599979,c_lbf,4,1,1,0.8,0,4,"[1.0, 1.0, 1.0, 1.0]"
test_top_2_accuracy,0.720600009,c_lbf,4,1,1,0.8,0,4,"[1.0, 1.0, 1.0, 1.0]"
accuracy_source_0_corrupt_False_level_0,0.103896104,c_lbf,4,25,0.1,0.8,0,4,"[1.0, 1.0, 1.0, 1.0]"
top_2_accuracy_source_0_corrupt_False_level_0,0.219155848,c_lbf,4,25,0.1,0.8,0,4,"[1.0, 1.0, 1.0, 1.0]"
accuracy_source_1_corrupt_False_level_0,0.113715276,c_lbf,4,25,0.1,0.8,0,4,"[1.0, 1.0, 1.0, 1.0]"
top_2_accuracy_source_1_corrupt_False_level_0,0.202256948,c_lbf,4,25,0.1,0.8,0,4,"[1.0, 1.0, 1.0, 1.0]"
accuracy_source_2_corrupt_True_level_100,0,c_lbf,4,25,0.1,0.8,0,4,"[1.0, 1.0, 1.0, 1.0]"
top_2_accuracy_source_2_corrupt_True_level_100,0.100000001,c_lbf,4,25,0.1,0.8,0,4,"[1.0, 1.0, 1.0, 1.0]"
accuracy_source_3_corrupt_False_level_0,0.095312499,c_lbf,4,25,0.1,0.8,0,4,"[1.0, 1.0, 1.0, 1.0]"
top_2_accuracy_source_3_corrupt_False_level_0,0.202343747,c_lbf,4,25,0.1,0.8,0,4,"[1.0, 1.0, 1.0, 1.0]"
accuracy_source_4_corrupt_False_level_0,0.1015625,c_lbf,4,25,0.1,0.8,0,4,"[1.0, 1.0, 1.0, 1.0]"
top_2_accuracy_source_4_corrupt_False_level_0,0.1953125,c_lbf,4,25,0.1,0.8,0,4,"[1.0, 1.0, 1.0, 1.0]"
accuracy_source_5_corrupt_False_level_0,0.103124999,c_lbf,4,25,0.1,0.8,0,4,"[1.0, 1.0, 1.0, 1.0]"
top_2_accuracy_source_5_corrupt_False_level_0,0.196875006,c_lbf,4,25,0.1,0.8,0,4,"[1.0, 1.0, 1.0, 1.0]"
accuracy_source_6_corrupt_True_level_100,0.200000003,c_lbf,4,25,0.1,0.8,0,4,"[1.0, 1.0, 1.0, 1.0]"
top_2_accuracy_source_6_corrupt_True_level_100,0.300000012,c_lbf,4,25,0.1,0.8,0,4,"[1.0, 1.0, 1.0, 1.0]"
accuracy_source_7_corrupt_True_level_100,0.200000003,c_lbf,4,25,0.1,0.8,0,4,"[1.0, 1.0, 1.0, 1.0]"
top_2_accuracy_source_7_corrupt_True_level_100,0.400000006,c_lbf,4,25,0.1,0.8,0,4,"[1.0, 1.0, 1.0, 1.0]"
accuracy_source_8_corrupt_False_level_0,0.098437503,c_lbf,4,25,0.1,0.8,0,4,"[1.0, 1.0, 1.0, 1.0]"
top_2_accuracy_source_8_corrupt_False_level_0,0.20703125,c_lbf,4,25,0.1,0.8,0,4,"[1.0, 1.0, 1.0, 1.0]"
accuracy_source_9_corrupt_True_level_100,0.300000012,c_lbf,4,25,0.1,0.8,0,4,"[1.0, 1.0, 1.0, 1.0]"
top_2_accuracy_source_9_corrupt_True_level_100,0.400000006,c_lbf,4,25,0.1,0.8,0,4,"[1.0, 1.0, 1.0, 1.0]"
accuracy,0.131891638,c_lbf,4,25,0.1,0.8,0,4,"[1.0, 1.0, 1.0, 1.0]"
top_2_accuracy,0.242791504,c_lbf,4,25,0.1,0.8,0,4,"[1.0, 1.0, 1.0, 1.0]"
test_accuracy,0.100000001,c_lbf,4,25,0.1,0.8,0,4,"[1.0, 1.0, 1.0, 1.0]"
test_top_2_accuracy,0.200000003,c_lbf,4,25,0.1,0.8,0,4,"[1.0, 1.0, 1.0, 1.0]"
accuracy_source_0_corrupt_False_level_0,0.612012982,c_lbf,4,25,1,0.8,0,4,"[1.0, 1.0, 1.0, 1.0]"
top_2_accuracy_source_0_corrupt_False_level_0,0.795454562,c_lbf,4,25,1,0.8,0,4,"[1.0, 1.0, 1.0, 1.0]"
accuracy_source_1_corrupt_False_level_0,0.602430582,c_lbf,4,25,1,0.8,0,4,"[1.0, 1.0, 1.0, 1.0]"
top_2_accuracy_source_1_corrupt_False_level_0,0.78125,c_lbf,4,25,1,0.8,0,4,"[1.0, 1.0, 1.0, 1.0]"
accuracy_source_2_corrupt_True_level_100,0.088281251,c_lbf,4,25,1,0.8,0,4,"[1.0, 1.0, 1.0, 1.0]"
top_2_accuracy_source_2_corrupt_True_level_100,0.193749994,c_lbf,4,25,1,0.8,0,4,"[1.0, 1.0, 1.0, 1.0]"
accuracy_source_3_corrupt_False_level_0,0.61328125,c_lbf,4,25,1,0.8,0,4,"[1.0, 1.0, 1.0, 1.0]"
top_2_accuracy_source_3_corrupt_False_level_0,0.7890625,c_lbf,4,25,1,0.8,0,4,"[1.0, 1.0, 1.0, 1.0]"
accuracy_source_4_corrupt_False_level_0,0.609375,c_lbf,4,25,1,0.8,0,4,"[1.0, 1.0, 1.0, 1.0]"
top_2_accuracy_source_4_corrupt_False_level_0,0.810156226,c_lbf,4,25,1,0.8,0,4,"[1.0, 1.0, 1.0, 1.0]"
accuracy_source_5_corrupt_False_level_0,0.622656226,c_lbf,4,25,1,0.8,0,4,"[1.0, 1.0, 1.0, 1.0]"
top_2_accuracy_source_5_corrupt_False_level_0,0.783593774,c_lbf,4,25,1,0.8,0,4,"[1.0, 1.0, 1.0, 1.0]"
accuracy_source_6_corrupt_True_level_100,0.112499997,c_lbf,4,25,1,0.8,0,4,"[1.0, 1.0, 1.0, 1.0]"
top_2_accuracy_source_6_corrupt_True_level_100,0.193749994,c_lbf,4,25,1,0.8,0,4,"[1.0, 1.0, 1.0, 1.0]"
accuracy_source_7_corrupt_True_level_100,0.088281251,c_lbf,4,25,1,0.8,0,4,"[1.0, 1.0, 1.0, 1.0]"
top_2_accuracy_source_7_corrupt_True_level_100,0.215625003,c_lbf,4,25,1,0.8,0,4,"[1.0, 1.0, 1.0, 1.0]"
accuracy_source_8_corrupt_False_level_0,0.634374976,c_lbf,4,25,1,0.8,0,4,"[1.0, 1.0, 1.0, 1.0]"
top_2_accuracy_source_8_corrupt_False_level_0,0.794531226,c_lbf,4,25,1,0.8,0,4,"[1.0, 1.0, 1.0, 1.0]"
accuracy_source_9_corrupt_True_level_100,0.09375,c_lbf,4,25,1,0.8,0,4,"[1.0, 1.0, 1.0, 1.0]"
top_2_accuracy_source_9_corrupt_True_level_100,0.207812503,c_lbf,4,25,1,0.8,0,4,"[1.0, 1.0, 1.0, 1.0]"
accuracy,0.40494296,c_lbf,4,25,1,0.8,0,4,"[1.0, 1.0, 1.0, 1.0]"
top_2_accuracy,0.553311169,c_lbf,4,25,1,0.8,0,4,"[1.0, 1.0, 1.0, 1.0]"
test_accuracy,0.618600011,c_lbf,4,25,1,0.8,0,4,"[1.0, 1.0, 1.0, 1.0]"
test_top_2_accuracy,0.790700018,c_lbf,4,25,1,0.8,0,4,"[1.0, 1.0, 1.0, 1.0]"
accuracy_source_0_corrupt_False_level_0,0.635551929,c_lbf,4,5,1,0.8,0,4,"[1.0, 1.0, 1.0, 1.0]"
top_2_accuracy_source_0_corrupt_False_level_0,0.809253275,c_lbf,4,5,1,0.8,0,4,"[1.0, 1.0, 1.0, 1.0]"
accuracy_source_1_corrupt_False_level_0,0.626736104,c_lbf,4,5,1,0.8,0,4,"[1.0, 1.0, 1.0, 1.0]"
top_2_accuracy_source_1_corrupt_False_level_0,0.808159709,c_lbf,4,5,1,0.8,0,4,"[1.0, 1.0, 1.0, 1.0]"
accuracy_source_2_corrupt_True_level_100,0.106250003,c_lbf,4,5,1,0.8,0,4,"[1.0, 1.0, 1.0, 1.0]"
top_2_accuracy_source_2_corrupt_True_level_100,0.221093744,c_lbf,4,5,1,0.8,0,4,"[1.0, 1.0, 1.0, 1.0]"
accuracy_source_3_corrupt_False_level_0,0.6484375,c_lbf,4,5,1,0.8,0,4,"[1.0, 1.0, 1.0, 1.0]"
top_2_accuracy_source_3_corrupt_False_level_0,0.821874976,c_lbf,4,5,1,0.8,0,4,"[1.0, 1.0, 1.0, 1.0]"
accuracy_source_4_corrupt_False_level_0,0.602343738,c_lbf,4,5,1,0.8,0,4,"[1.0, 1.0, 1.0, 1.0]"
top_2_accuracy_source_4_corrupt_False_level_0,0.797656238,c_lbf,4,5,1,0.8,0,4,"[1.0, 1.0, 1.0, 1.0]"
accuracy_source_5_corrupt_False_level_0,0.627343774,c_lbf,4,5,1,0.8,0,4,"[1.0, 1.0, 1.0, 1.0]"
top_2_accuracy_source_5_corrupt_False_level_0,0.80078125,c_lbf,4,5,1,0.8,0,4,"[1.0, 1.0, 1.0, 1.0]"
accuracy_source_6_corrupt_True_level_100,0.099218749,c_lbf,4,5,1,0.8,0,4,"[1.0, 1.0, 1.0, 1.0]"
top_2_accuracy_source_6_corrupt_True_level_100,0.198437497,c_lbf,4,5,1,0.8,0,4,"[1.0, 1.0, 1.0, 1.0]"
accuracy_source_7_corrupt_True_level_100,0.09765625,c_lbf,4,5,1,0.8,0,4,"[1.0, 1.0, 1.0, 1.0]"
top_2_accuracy_source_7_corrupt_True_level_100,0.208593756,c_lbf,4,5,1,0.8,0,4,"[1.0, 1.0, 1.0, 1.0]"
accuracy_source_8_corrupt_False_level_0,0.627343774,c_lbf,4,5,1,0.8,0,4,"[1.0, 1.0, 1.0, 1.0]"
top_2_accuracy_source_8_corrupt_False_level_0,0.792187512,c_lbf,4,5,1,0.8,0,4,"[1.0, 1.0, 1.0, 1.0]"
accuracy_source_9_corrupt_True_level_100,0.111718751,c_lbf,4,5,1,0.8,0,4,"[1.0, 1.0, 1.0, 1.0]"
top_2_accuracy_source_9_corrupt_True_level_100,0.225781247,c_lbf,4,5,1,0.8,0,4,"[1.0, 1.0, 1.0, 1.0]"
accuracy,0.415320039,c_lbf,4,5,1,0.8,0,4,"[1.0, 1.0, 1.0, 1.0]"
top_2_accuracy,0.565034866,c_lbf,4,5,1,0.8,0,4,"[1.0, 1.0, 1.0, 1.0]"
test_accuracy,0.630699992,c_lbf,4,5,1,0.8,0,4,"[1.0, 1.0, 1.0, 1.0]"
test_top_2_accuracy,0.807799995,c_lbf,4,5,1,0.8,0,4,"[1.0, 1.0, 1.0, 1.0]"
accuracy_source_0_corrupt_False_level_0,0.103896104,c_lbf,4,25,0.25,0.8,0,4,"[1.0, 1.0, 1.0, 1.0]"
top_2_accuracy_source_0_corrupt_False_level_0,0.219155848,c_lbf,4,25,0.25,0.8,0,4,"[1.0, 1.0, 1.0, 1.0]"
accuracy_source_1_corrupt_False_level_0,0.113715276,c_lbf,4,25,0.25,0.8,0,4,"[1.0, 1.0, 1.0, 1.0]"
top_2_accuracy_source_1_corrupt_False_level_0,0.202256948,c_lbf,4,25,0.25,0.8,0,4,"[1.0, 1.0, 1.0, 1.0]"
accuracy_source_2_corrupt_True_level_100,0,c_lbf,4,25,0.25,0.8,0,4,"[1.0, 1.0, 1.0, 1.0]"
top_2_accuracy_source_2_corrupt_True_level_100,0.100000001,c_lbf,4,25,0.25,0.8,0,4,"[1.0, 1.0, 1.0, 1.0]"
accuracy_source_3_corrupt_False_level_0,0.095312499,c_lbf,4,25,0.25,0.8,0,4,"[1.0, 1.0, 1.0, 1.0]"
top_2_accuracy_source_3_corrupt_False_level_0,0.202343747,c_lbf,4,25,0.25,0.8,0,4,"[1.0, 1.0, 1.0, 1.0]"
accuracy_source_4_corrupt_False_level_0,0.1015625,c_lbf,4,25,0.25,0.8,0,4,"[1.0, 1.0, 1.0, 1.0]"
top_2_accuracy_source_4_corrupt_False_level_0,0.1953125,c_lbf,4,25,0.25,0.8,0,4,"[1.0, 1.0, 1.0, 1.0]"
accuracy_source_5_corrupt_False_level_0,0.103124999,c_lbf,4,25,0.25,0.8,0,4,"[1.0, 1.0, 1.0, 1.0]"
top_2_accuracy_source_5_corrupt_False_level_0,0.196875006,c_lbf,4,25,0.25,0.8,0,4,"[1.0, 1.0, 1.0, 1.0]"
accuracy_source_6_corrupt_True_level_100,0.200000003,c_lbf,4,25,0.25,0.8,0,4,"[1.0, 1.0, 1.0, 1.0]"
top_2_accuracy_source_6_corrupt_True_level_100,0.300000012,c_lbf,4,25,0.25,0.8,0,4,"[1.0, 1.0, 1.0, 1.0]"
accuracy_source_7_corrupt_True_level_100,0.200000003,c_lbf,4,25,0.25,0.8,0,4,"[1.0, 1.0, 1.0, 1.0]"
top_2_accuracy_source_7_corrupt_True_level_100,0.400000006,c_lbf,4,25,0.25,0.8,0,4,"[1.0, 1.0, 1.0, 1.0]"
accuracy_source_8_corrupt_False_level_0,0.098437503,c_lbf,4,25,0.25,0.8,0,4,"[1.0, 1.0, 1.0, 1.0]"
top_2_accuracy_source_8_corrupt_False_level_0,0.20703125,c_lbf,4,25,0.25,0.8,0,4,"[1.0, 1.0, 1.0, 1.0]"
accuracy_source_9_corrupt_True_level_100,0.300000012,c_lbf,4,25,0.25,0.8,0,4,"[1.0, 1.0, 1.0, 1.0]"
top_2_accuracy_source_9_corrupt_True_level_100,0.400000006,c_lbf,4,25,0.25,0.8,0,4,"[1.0, 1.0, 1.0, 1.0]"
accuracy,0.131891638,c_lbf,4,25,0.25,0.8,0,4,"[1.0, 1.0, 1.0, 1.0]"
top_2_accuracy,0.242791504,c_lbf,4,25,0.25,0.8,0,4,"[1.0, 1.0, 1.0, 1.0]"
test_accuracy,0.100000001,c_lbf,4,25,0.25,0.8,0,4,"[1.0, 1.0, 1.0, 1.0]"
test_top_2_accuracy,0.200000003,c_lbf,4,25,0.25,0.8,0,4,"[1.0, 1.0, 1.0, 1.0]"
accuracy_source_0_corrupt_False_level_0,0.103896104,c_lbf,4,25,1,1.6,0,4,"[1.0, 1.0, 1.0, 1.0]"
top_2_accuracy_source_0_corrupt_False_level_0,0.219155848,c_lbf,4,25,1,1.6,0,4,"[1.0, 1.0, 1.0, 1.0]"
accuracy_source_1_corrupt_False_level_0,0.113715276,c_lbf,4,25,1,1.6,0,4,"[1.0, 1.0, 1.0, 1.0]"
top_2_accuracy_source_1_corrupt_False_level_0,0.202256948,c_lbf,4,25,1,1.6,0,4,"[1.0, 1.0, 1.0, 1.0]"
accuracy_source_2_corrupt_True_level_100,0,c_lbf,4,25,1,1.6,0,4,"[1.0, 1.0, 1.0, 1.0]"
top_2_accuracy_source_2_corrupt_True_level_100,0.100000001,c_lbf,4,25,1,1.6,0,4,"[1.0, 1.0, 1.0, 1.0]"
accuracy_source_3_corrupt_False_level_0,0.095312499,c_lbf,4,25,1,1.6,0,4,"[1.0, 1.0, 1.0, 1.0]"
top_2_accuracy_source_3_corrupt_False_level_0,0.202343747,c_lbf,4,25,1,1.6,0,4,"[1.0, 1.0, 1.0, 1.0]"
accuracy_source_4_corrupt_False_level_0,0.1015625,c_lbf,4,25,1,1.6,0,4,"[1.0, 1.0, 1.0, 1.0]"
top_2_accuracy_source_4_corrupt_False_level_0,0.1953125,c_lbf,4,25,1,1.6,0,4,"[1.0, 1.0, 1.0, 1.0]"
accuracy_source_5_corrupt_False_level_0,0.103124999,c_lbf,4,25,1,1.6,0,4,"[1.0, 1.0, 1.0, 1.0]"
top_2_accuracy_source_5_corrupt_False_level_0,0.196875006,c_lbf,4,25,1,1.6,0,4,"[1.0, 1.0, 1.0, 1.0]"
accuracy_source_6_corrupt_True_level_100,0.200000003,c_lbf,4,25,1,1.6,0,4,"[1.0, 1.0, 1.0, 1.0]"
top_2_accuracy_source_6_corrupt_True_level_100,0.300000012,c_lbf,4,25,1,1.6,0,4,"[1.0, 1.0, 1.0, 1.0]"
accuracy_source_7_corrupt_True_level_100,0.200000003,c_lbf,4,25,1,1.6,0,4,"[1.0, 1.0, 1.0, 1.0]"
top_2_accuracy_source_7_corrupt_True_level_100,0.400000006,c_lbf,4,25,1,1.6,0,4,"[1.0, 1.0, 1.0, 1.0]"
accuracy_source_8_corrupt_False_level_0,0.098437503,c_lbf,4,25,1,1.6,0,4,"[1.0, 1.0, 1.0, 1.0]"
top_2_accuracy_source_8_corrupt_False_level_0,0.20703125,c_lbf,4,25,1,1.6,0,4,"[1.0, 1.0, 1.0, 1.0]"
accuracy_source_9_corrupt_True_level_100,0.300000012,c_lbf,4,25,1,1.6,0,4,"[1.0, 1.0, 1.0, 1.0]"
top_2_accuracy_source_9_corrupt_True_level_100,0.400000006,c_lbf,4,25,1,1.6,0,4,"[1.0, 1.0, 1.0, 1.0]"
accuracy,0.131891638,c_lbf,4,25,1,1.6,0,4,"[1.0, 1.0, 1.0, 1.0]"
top_2_accuracy,0.242791504,c_lbf,4,25,1,1.6,0,4,"[1.0, 1.0, 1.0, 1.0]"
test_accuracy,0.100000001,c_lbf,4,25,1,1.6,0,4,"[1.0, 1.0, 1.0, 1.0]"
test_top_2_accuracy,0.200000003,c_lbf,4,25,1,1.6,0,4,"[1.0, 1.0, 1.0, 1.0]"
accuracy_source_0_corrupt_False_level_0,0.612012982,c_lbf,4,25,1,0.8,0,4,"[1.0, 1.0, 1.0, 1.0]"
top_2_accuracy_source_0_corrupt_False_level_0,0.795454562,c_lbf,4,25,1,0.8,0,4,"[1.0, 1.0, 1.0, 1.0]"
accuracy_source_1_corrupt_False_level_0,0.602430582,c_lbf,4,25,1,0.8,0,4,"[1.0, 1.0, 1.0, 1.0]"
top_2_accuracy_source_1_corrupt_False_level_0,0.78125,c_lbf,4,25,1,0.8,0,4,"[1.0, 1.0, 1.0, 1.0]"
accuracy_source_2_corrupt_True_level_100,0.088281251,c_lbf,4,25,1,0.8,0,4,"[1.0, 1.0, 1.0, 1.0]"
top_2_accuracy_source_2_corrupt_True_level_100,0.193749994,c_lbf,4,25,1,0.8,0,4,"[1.0, 1.0, 1.0, 1.0]"
accuracy_source_3_corrupt_False_level_0,0.61328125,c_lbf,4,25,1,0.8,0,4,"[1.0, 1.0, 1.0, 1.0]"
top_2_accuracy_source_3_corrupt_False_level_0,0.7890625,c_lbf,4,25,1,0.8,0,4,"[1.0, 1.0, 1.0, 1.0]"
accuracy_source_4_corrupt_False_level_0,0.609375,c_lbf,4,25,1,0.8,0,4,"[1.0, 1.0, 1.0, 1.0]"
top_2_accuracy_source_4_corrupt_False_level_0,0.810156226,c_lbf,4,25,1,0.8,0,4,"[1.0, 1.0, 1.0, 1.0]"
accuracy_source_5_corrupt_False_level_0,0.622656226,c_lbf,4,25,1,0.8,0,4,"[1.0, 1.0, 1.0, 1.0]"
top_2_accuracy_source_5_corrupt_False_level_0,0.783593774,c_lbf,4,25,1,0.8,0,4,"[1.0, 1.0, 1.0, 1.0]"
accuracy_source_6_corrupt_True_level_100,0.112499997,c_lbf,4,25,1,0.8,0,4,"[1.0, 1.0, 1.0, 1.0]"
top_2_accuracy_source_6_corrupt_True_level_100,0.193749994,c_lbf,4,25,1,0.8,0,4,"[1.0, 1.0, 1.0, 1.0]"
accuracy_source_7_corrupt_True_level_100,0.088281251,c_lbf,4,25,1,0.8,0,4,"[1.0, 1.0, 1.0, 1.0]"
top_2_accuracy_source_7_corrupt_True_level_100,0.215625003,c_lbf,4,25,1,0.8,0,4,"[1.0, 1.0, 1.0, 1.0]"
accuracy_source_8_corrupt_False_level_0,0.634374976,c_lbf,4,25,1,0.8,0,4,"[1.0, 1.0, 1.0, 1.0]"
top_2_accuracy_source_8_corrupt_False_level_0,0.794531226,c_lbf,4,25,1,0.8,0,4,"[1.0, 1.0, 1.0, 1.0]"
accuracy_source_9_corrupt_True_level_100,0.09375,c_lbf,4,25,1,0.8,0,4,"[1.0, 1.0, 1.0, 1.0]"
top_2_accuracy_source_9_corrupt_True_level_100,0.207812503,c_lbf,4,25,1,0.8,0,4,"[1.0, 1.0, 1.0, 1.0]"
accuracy,0.40494296,c_lbf,4,25,1,0.8,0,4,"[1.0, 1.0, 1.0, 1.0]"
top_2_accuracy,0.553311169,c_lbf,4,25,1,0.8,0,4,"[1.0, 1.0, 1.0, 1.0]"
test_accuracy,0.618600011,c_lbf,4,25,1,0.8,0,4,"[1.0, 1.0, 1.0, 1.0]"
test_top_2_accuracy,0.790700018,c_lbf,4,25,1,0.8,0,4,"[1.0, 1.0, 1.0, 1.0]"
accuracy_source_0_corrupt_False_level_0,0.103896104,c_lbf,4,25,0.5,0.8,0,4,"[1.0, 1.0, 1.0, 1.0]"
top_2_accuracy_source_0_corrupt_False_level_0,0.219155848,c_lbf,4,25,0.5,0.8,0,4,"[1.0, 1.0, 1.0, 1.0]"
accuracy_source_1_corrupt_False_level_0,0.113715276,c_lbf,4,25,0.5,0.8,0,4,"[1.0, 1.0, 1.0, 1.0]"
top_2_accuracy_source_1_corrupt_False_level_0,0.202256948,c_lbf,4,25,0.5,0.8,0,4,"[1.0, 1.0, 1.0, 1.0]"
accuracy_source_2_corrupt_True_level_100,0,c_lbf,4,25,0.5,0.8,0,4,"[1.0, 1.0, 1.0, 1.0]"
top_2_accuracy_source_2_corrupt_True_level_100,0.100000001,c_lbf,4,25,0.5,0.8,0,4,"[1.0, 1.0, 1.0, 1.0]"
accuracy_source_3_corrupt_False_level_0,0.095312499,c_lbf,4,25,0.5,0.8,0,4,"[1.0, 1.0, 1.0, 1.0]"
top_2_accuracy_source_3_corrupt_False_level_0,0.202343747,c_lbf,4,25,0.5,0.8,0,4,"[1.0, 1.0, 1.0, 1.0]"
accuracy_source_4_corrupt_False_level_0,0.1015625,c_lbf,4,25,0.5,0.8,0,4,"[1.0, 1.0, 1.0, 1.0]"
top_2_accuracy_source_4_corrupt_False_level_0,0.1953125,c_lbf,4,25,0.5,0.8,0,4,"[1.0, 1.0, 1.0, 1.0]"
accuracy_source_5_corrupt_False_level_0,0.103124999,c_lbf,4,25,0.5,0.8,0,4,"[1.0, 1.0, 1.0, 1.0]"
top_2_accuracy_source_5_corrupt_False_level_0,0.196875006,c_lbf,4,25,0.5,0.8,0,4,"[1.0, 1.0, 1.0, 1.0]"
accuracy_source_6_corrupt_True_level_100,0.200000003,c_lbf,4,25,0.5,0.8,0,4,"[1.0, 1.0, 1.0, 1.0]"
top_2_accuracy_source_6_corrupt_True_level_100,0.300000012,c_lbf,4,25,0.5,0.8,0,4,"[1.0, 1.0, 1.0, 1.0]"
accuracy_source_7_corrupt_True_level_100,0.200000003,c_lbf,4,25,0.5,0.8,0,4,"[1.0, 1.0, 1.0, 1.0]"
top_2_accuracy_source_7_corrupt_True_level_100,0.400000006,c_lbf,4,25,0.5,0.8,0,4,"[1.0, 1.0, 1.0, 1.0]"
accuracy_source_8_corrupt_False_level_0,0.098437503,c_lbf,4,25,0.5,0.8,0,4,"[1.0, 1.0, 1.0, 1.0]"
top_2_accuracy_source_8_corrupt_False_level_0,0.20703125,c_lbf,4,25,0.5,0.8,0,4,"[1.0, 1.0, 1.0, 1.0]"
accuracy_source_9_corrupt_True_level_100,0.300000012,c_lbf,4,25,0.5,0.8,0,4,"[1.0, 1.0, 1.0, 1.0]"
top_2_accuracy_source_9_corrupt_True_level_100,0.400000006,c_lbf,4,25,0.5,0.8,0,4,"[1.0, 1.0, 1.0, 1.0]"
accuracy,0.131891638,c_lbf,4,25,0.5,0.8,0,4,"[1.0, 1.0, 1.0, 1.0]"
top_2_accuracy,0.242791504,c_lbf,4,25,0.5,0.8,0,4,"[1.0, 1.0, 1.0, 1.0]"
test_accuracy,0.100000001,c_lbf,4,25,0.5,0.8,0,4,"[1.0, 1.0, 1.0, 1.0]"
test_top_2_accuracy,0.200000003,c_lbf,4,25,0.5,0.8,0,4,"[1.0, 1.0, 1.0, 1.0]"
accuracy_source_0_corrupt_False_level_0,0.103896104,c_lbf,4,50,1,0.8,0,4,"[1.0, 1.0, 1.0, 1.0]"
top_2_accuracy_source_0_corrupt_False_level_0,0.219155848,c_lbf,4,50,1,0.8,0,4,"[1.0, 1.0, 1.0, 1.0]"
accuracy_source_1_corrupt_False_level_0,0.113715276,c_lbf,4,50,1,0.8,0,4,"[1.0, 1.0, 1.0, 1.0]"
top_2_accuracy_source_1_corrupt_False_level_0,0.202256948,c_lbf,4,50,1,0.8,0,4,"[1.0, 1.0, 1.0, 1.0]"
accuracy_source_2_corrupt_True_level_100,0,c_lbf,4,50,1,0.8,0,4,"[1.0, 1.0, 1.0, 1.0]"
top_2_accuracy_source_2_corrupt_True_level_100,0.100000001,c_lbf,4,50,1,0.8,0,4,"[1.0, 1.0, 1.0, 1.0]"
accuracy_source_3_corrupt_False_level_0,0.095312499,c_lbf,4,50,1,0.8,0,4,"[1.0, 1.0, 1.0, 1.0]"
top_2_accuracy_source_3_corrupt_False_level_0,0.202343747,c_lbf,4,50,1,0.8,0,4,"[1.0, 1.0, 1.0, 1.0]"
accuracy_source_4_corrupt_False_level_0,0.1015625,c_lbf,4,50,1,0.8,0,4,"[1.0, 1.0, 1.0, 1.0]"
top_2_accuracy_source_4_corrupt_False_level_0,0.1953125,c_lbf,4,50,1,0.8,0,4,"[1.0, 1.0, 1.0, 1.0]"
accuracy_source_5_corrupt_False_level_0,0.103124999,c_lbf,4,50,1,0.8,0,4,"[1.0, 1.0, 1.0, 1.0]"
top_2_accuracy_source_5_corrupt_False_level_0,0.196875006,c_lbf,4,50,1,0.8,0,4,"[1.0, 1.0, 1.0, 1.0]"
accuracy_source_6_corrupt_True_level_100,0.200000003,c_lbf,4,50,1,0.8,0,4,"[1.0, 1.0, 1.0, 1.0]"
top_2_accuracy_source_6_corrupt_True_level_100,0.300000012,c_lbf,4,50,1,0.8,0,4,"[1.0, 1.0, 1.0, 1.0]"
accuracy_source_7_corrupt_True_level_100,0.200000003,c_lbf,4,50,1,0.8,0,4,"[1.0, 1.0, 1.0, 1.0]"
top_2_accuracy_source_7_corrupt_True_level_100,0.400000006,c_lbf,4,50,1,0.8,0,4,"[1.0, 1.0, 1.0, 1.0]"
accuracy_source_8_corrupt_False_level_0,0.098437503,c_lbf,4,50,1,0.8,0,4,"[1.0, 1.0, 1.0, 1.0]"
top_2_accuracy_source_8_corrupt_False_level_0,0.20703125,c_lbf,4,50,1,0.8,0,4,"[1.0, 1.0, 1.0, 1.0]"
accuracy_source_9_corrupt_True_level_100,0.300000012,c_lbf,4,50,1,0.8,0,4,"[1.0, 1.0, 1.0, 1.0]"
top_2_accuracy_source_9_corrupt_True_level_100,0.400000006,c_lbf,4,50,1,0.8,0,4,"[1.0, 1.0, 1.0, 1.0]"
accuracy,0.131891638,c_lbf,4,50,1,0.8,0,4,"[1.0, 1.0, 1.0, 1.0]"
top_2_accuracy,0.242791504,c_lbf,4,50,1,0.8,0,4,"[1.0, 1.0, 1.0, 1.0]"
test_accuracy,0.100000001,c_lbf,4,50,1,0.8,0,4,"[1.0, 1.0, 1.0, 1.0]"
test_top_2_accuracy,0.200000003,c_lbf,4,50,1,0.8,0,4,"[1.0, 1.0, 1.0, 1.0]"
accuracy_source_0_corrupt_False_level_0,0.612012982,c_lbf,4,25,1,0.8,0,4,"[1.0, 1.0, 1.0, 1.0]"
top_2_accuracy_source_0_corrupt_False_level_0,0.795454562,c_lbf,4,25,1,0.8,0,4,"[1.0, 1.0, 1.0, 1.0]"
accuracy_source_1_corrupt_False_level_0,0.602430582,c_lbf,4,25,1,0.8,0,4,"[1.0, 1.0, 1.0, 1.0]"
top_2_accuracy_source_1_corrupt_False_level_0,0.78125,c_lbf,4,25,1,0.8,0,4,"[1.0, 1.0, 1.0, 1.0]"
accuracy_source_2_corrupt_True_level_100,0.088281251,c_lbf,4,25,1,0.8,0,4,"[1.0, 1.0, 1.0, 1.0]"
top_2_accuracy_source_2_corrupt_True_level_100,0.193749994,c_lbf,4,25,1,0.8,0,4,"[1.0, 1.0, 1.0, 1.0]"
accuracy_source_3_corrupt_False_level_0,0.61328125,c_lbf,4,25,1,0.8,0,4,"[1.0, 1.0, 1.0, 1.0]"
top_2_accuracy_source_3_corrupt_False_level_0,0.7890625,c_lbf,4,25,1,0.8,0,4,"[1.0, 1.0, 1.0, 1.0]"
accuracy_source_4_corrupt_False_level_0,0.609375,c_lbf,4,25,1,0.8,0,4,"[1.0, 1.0, 1.0, 1.0]"
top_2_accuracy_source_4_corrupt_False_level_0,0.810156226,c_lbf,4,25,1,0.8,0,4,"[1.0, 1.0, 1.0, 1.0]"
accuracy_source_5_corrupt_False_level_0,0.622656226,c_lbf,4,25,1,0.8,0,4,"[1.0, 1.0, 1.0, 1.0]"
top_2_accuracy_source_5_corrupt_False_level_0,0.783593774,c_lbf,4,25,1,0.8,0,4,"[1.0, 1.0, 1.0, 1.0]"
accuracy_source_6_corrupt_True_level_100,0.112499997,c_lbf,4,25,1,0.8,0,4,"[1.0, 1.0, 1.0, 1.0]"
top_2_accuracy_source_6_corrupt_True_level_100,0.193749994,c_lbf,4,25,1,0.8,0,4,"[1.0, 1.0, 1.0, 1.0]"
accuracy_source_7_corrupt_True_level_100,0.088281251,c_lbf,4,25,1,0.8,0,4,"[1.0, 1.0, 1.0, 1.0]"
top_2_accuracy_source_7_corrupt_True_level_100,0.215625003,c_lbf,4,25,1,0.8,0,4,"[1.0, 1.0, 1.0, 1.0]"
accuracy_source_8_corrupt_False_level_0,0.634374976,c_lbf,4,25,1,0.8,0,4,"[1.0, 1.0, 1.0, 1.0]"
top_2_accuracy_source_8_corrupt_False_level_0,0.794531226,c_lbf,4,25,1,0.8,0,4,"[1.0, 1.0, 1.0, 1.0]"
accuracy_source_9_corrupt_True_level_100,0.09375,c_lbf,4,25,1,0.8,0,4,"[1.0, 1.0, 1.0, 1.0]"
top_2_accuracy_source_9_corrupt_True_level_100,0.207812503,c_lbf,4,25,1,0.8,0,4,"[1.0, 1.0, 1.0, 1.0]"
accuracy,0.40494296,c_lbf,4,25,1,0.8,0,4,"[1.0, 1.0, 1.0, 1.0]"
top_2_accuracy,0.553311169,c_lbf,4,25,1,0.8,0,4,"[1.0, 1.0, 1.0, 1.0]"
test_accuracy,0.618600011,c_lbf,4,25,1,0.8,0,4,"[1.0, 1.0, 1.0, 1.0]"
test_top_2_accuracy,0.790700018,c_lbf,4,25,1,0.8,0,4,"[1.0, 1.0, 1.0, 1.0]"
