source,metric,value,context,run,seed,corrupt_source,lap_n,depression_strength,strictness,hold_off,batch_size,noise_level,n_corrupt_sources
0.0,accuracy_score,0.7759481037924152,validation,1,2,False,25,0.0,0.8,0,64,0.5,4
0.0,recall_score,0.7824427480916031,validation,1,2,False,25,0.0,0.8,0,64,0.5,4
0.0,precision_score,0.6886898096304591,validation,1,2,False,25,0.0,0.8,0,64,0.5,4
0.0,f1_score,0.7325789160214413,validation,1,2,False,25,0.0,0.8,0,64,0.5,4
1.0,accuracy_score,0.7549900199600799,validation,1,2,False,25,0.0,0.8,0,64,0.5,4
1.0,recall_score,0.7622298065984073,validation,1,2,False,25,0.0,0.8,0,64,0.5,4
1.0,precision_score,0.7037815126050421,validation,1,2,False,25,0.0,0.8,0,64,0.5,4
1.0,f1_score,0.7318405243036592,validation,1,2,False,25,0.0,0.8,0,64,0.5,4
2.0,accuracy_score,0.782435129740519,validation,1,2,False,25,0.0,0.8,0,64,0.5,4
2.0,recall_score,0.8660436137071651,validation,1,2,False,25,0.0,0.8,0,64,0.5,4
2.0,precision_score,0.8628181253879578,validation,1,2,False,25,0.0,0.8,0,64,0.5,4
2.0,f1_score,0.8644278606965174,validation,1,2,False,25,0.0,0.8,0,64,0.5,4
3.0,accuracy_score,0.717564870259481,validation,1,2,False,25,0.0,0.8,0,64,0.5,4
3.0,recall_score,0.7021791767554479,validation,1,2,False,25,0.0,0.8,0,64,0.5,4
3.0,precision_score,0.6444444444444445,validation,1,2,False,25,0.0,0.8,0,64,0.5,4
3.0,f1_score,0.6720741599073,validation,1,2,False,25,0.0,0.8,0,64,0.5,4
4.0,accuracy_score,0.4555888223552894,validation,1,2,True,25,0.0,0.8,0,64,0.5,4
4.0,recall_score,0.3509286412512219,validation,1,2,True,25,0.0,0.8,0,64,0.5,4
4.0,precision_score,0.45674300254452926,validation,1,2,True,25,0.0,0.8,0,64,0.5,4
4.0,f1_score,0.39690436705362075,validation,1,2,True,25,0.0,0.8,0,64,0.5,4
5.0,accuracy_score,0.7979041916167665,validation,1,2,False,25,0.0,0.8,0,64,0.5,4
5.0,recall_score,0.8184782608695652,validation,1,2,False,25,0.0,0.8,0,64,0.5,4
5.0,precision_score,0.7598385469223007,validation,1,2,False,25,0.0,0.8,0,64,0.5,4
5.0,f1_score,0.7880690737833596,validation,1,2,False,25,0.0,0.8,0,64,0.5,4
6.0,accuracy_score,0.7534930139720559,validation,1,2,False,25,0.0,0.8,0,64,0.5,4
6.0,recall_score,0.7533185840707964,validation,1,2,False,25,0.0,0.8,0,64,0.5,4
6.0,precision_score,0.7153361344537815,validation,1,2,False,25,0.0,0.8,0,64,0.5,4
6.0,f1_score,0.7338362068965517,validation,1,2,False,25,0.0,0.8,0,64,0.5,4
7.0,accuracy_score,0.4620758483033932,validation,1,2,True,25,0.0,0.8,0,64,0.5,4
7.0,recall_score,0.28083989501312334,validation,1,2,True,25,0.0,0.8,0,64,0.5,4
7.0,precision_score,0.5563258232235702,validation,1,2,True,25,0.0,0.8,0,64,0.5,4
7.0,f1_score,0.37325581395348834,validation,1,2,True,25,0.0,0.8,0,64,0.5,4
8.0,accuracy_score,0.5054890219560878,validation,1,2,True,25,0.0,0.8,0,64,0.5,4
8.0,recall_score,0.214987714987715,validation,1,2,True,25,0.0,0.8,0,64,0.5,4
8.0,precision_score,0.33206831119544594,validation,1,2,True,25,0.0,0.8,0,64,0.5,4
8.0,f1_score,0.2609992542878449,validation,1,2,True,25,0.0,0.8,0,64,0.5,4
9.0,accuracy_score,0.7140718562874252,validation,1,2,False,25,0.0,0.8,0,64,0.5,4
9.0,recall_score,0.7554585152838428,validation,1,2,False,25,0.0,0.8,0,64,0.5,4
9.0,precision_score,0.664745437079731,validation,1,2,False,25,0.0,0.8,0,64,0.5,4
9.0,f1_score,0.7072049054675523,validation,1,2,False,25,0.0,0.8,0,64,0.5,4
10.0,accuracy_score,0.7370259481037924,validation,1,2,False,25,0.0,0.8,0,64,0.5,4
10.0,recall_score,0.6993865030674846,validation,1,2,False,25,0.0,0.8,0,64,0.5,4
10.0,precision_score,0.7459105779716467,validation,1,2,False,25,0.0,0.8,0,64,0.5,4
10.0,f1_score,0.7218997361477573,validation,1,2,False,25,0.0,0.8,0,64,0.5,4
11.0,accuracy_score,0.5179640718562875,validation,1,2,True,25,0.0,0.8,0,64,0.5,4
11.0,recall_score,0.4133971291866029,validation,1,2,True,25,0.0,0.8,0,64,0.5,4
11.0,precision_score,0.5503184713375796,validation,1,2,True,25,0.0,0.8,0,64,0.5,4
11.0,f1_score,0.47213114754098356,validation,1,2,True,25,0.0,0.8,0,64,0.5,4
0.0,accuracy_score,0.8480635551142006,validation,2,4,False,25,0.0,0.8,0,64,0.5,4
0.0,recall_score,0.8595641646489104,validation,2,4,False,25,0.0,0.8,0,64,0.5,4
0.0,precision_score,0.7888888888888889,validation,2,4,False,25,0.0,0.8,0,64,0.5,4
0.0,f1_score,0.8227114716106605,validation,2,4,False,25,0.0,0.8,0,64,0.5,4
1.0,accuracy_score,0.8053624627606752,validation,2,4,False,25,0.0,0.8,0,64,0.5,4
1.0,recall_score,0.8020954598370198,validation,2,4,False,25,0.0,0.8,0,64,0.5,4
1.0,precision_score,0.756311745334797,validation,2,4,False,25,0.0,0.8,0,64,0.5,4
1.0,f1_score,0.7785310734463277,validation,2,4,False,25,0.0,0.8,0,64,0.5,4
2.0,accuracy_score,0.9056603773584906,validation,2,4,False,25,0.0,0.8,0,64,0.5,4
2.0,recall_score,0.990117356392835,validation,2,4,False,25,0.0,0.8,0,64,0.5,4
2.0,precision_score,0.9020821609454136,validation,2,4,False,25,0.0,0.8,0,64,0.5,4
2.0,f1_score,0.9440518256772674,validation,2,4,False,25,0.0,0.8,0,64,0.5,4
3.0,accuracy_score,0.7924528301886793,validation,2,4,False,25,0.0,0.8,0,64,0.5,4
3.0,recall_score,0.774922918807811,validation,2,4,False,25,0.0,0.8,0,64,0.5,4
3.0,precision_score,0.7911857292759706,validation,2,4,False,25,0.0,0.8,0,64,0.5,4
3.0,f1_score,0.782969885773624,validation,2,4,False,25,0.0,0.8,0,64,0.5,4
4.0,accuracy_score,0.4548162859980139,validation,2,4,True,25,0.0,0.8,0,64,0.5,4
4.0,recall_score,0.3044334975369458,validation,2,4,True,25,0.0,0.8,0,64,0.5,4
4.0,precision_score,0.44079885877318115,validation,2,4,True,25,0.0,0.8,0,64,0.5,4
4.0,f1_score,0.36013986013986016,validation,2,4,True,25,0.0,0.8,0,64,0.5,4
5.0,accuracy_score,0.8227408142999006,validation,2,4,False,25,0.0,0.8,0,64,0.5,4
5.0,recall_score,0.8408071748878924,validation,2,4,False,25,0.0,0.8,0,64,0.5,4
5.0,precision_score,0.7772020725388601,validation,2,4,False,25,0.0,0.8,0,64,0.5,4
5.0,f1_score,0.8077544426494346,validation,2,4,False,25,0.0,0.8,0,64,0.5,4
6.0,accuracy_score,0.865441906653426,validation,2,4,False,25,0.0,0.8,0,64,0.5,4
6.0,recall_score,0.8458376156217883,validation,2,4,False,25,0.0,0.8,0,64,0.5,4
6.0,precision_score,0.871822033898305,validation,2,4,False,25,0.0,0.8,0,64,0.5,4
6.0,f1_score,0.8586332811684924,validation,2,4,False,25,0.0,0.8,0,64,0.5,4
7.0,accuracy_score,0.5392254220456802,validation,2,4,True,25,0.0,0.8,0,64,0.5,4
7.0,recall_score,0.4910913140311804,validation,2,4,True,25,0.0,0.8,0,64,0.5,4
7.0,precision_score,0.48355263157894735,validation,2,4,True,25,0.0,0.8,0,64,0.5,4
7.0,f1_score,0.487292817679558,validation,2,4,True,25,0.0,0.8,0,64,0.5,4
8.0,accuracy_score,0.48659384309831183,validation,2,4,True,25,0.0,0.8,0,64,0.5,4
8.0,recall_score,0.3003064351378958,validation,2,4,True,25,0.0,0.8,0,64,0.5,4
8.0,precision_score,0.4572317262830482,validation,2,4,True,25,0.0,0.8,0,64,0.5,4
8.0,f1_score,0.36251541307028357,validation,2,4,True,25,0.0,0.8,0,64,0.5,4
9.0,accuracy_score,0.8326713008937437,validation,2,4,False,25,0.0,0.8,0,64,0.5,4
9.0,recall_score,0.8201107011070111,validation,2,4,False,25,0.0,0.8,0,64,0.5,4
9.0,precision_score,0.8622696411251213,validation,2,4,False,25,0.0,0.8,0,64,0.5,4
9.0,f1_score,0.8406619385342791,validation,2,4,False,25,0.0,0.8,0,64,0.5,4
10.0,accuracy_score,0.8937437934458788,validation,2,4,False,25,0.0,0.8,0,64,0.5,4
10.0,recall_score,0.8383233532934131,validation,2,4,False,25,0.0,0.8,0,64,0.5,4
10.0,precision_score,0.9417040358744395,validation,2,4,False,25,0.0,0.8,0,64,0.5,4
10.0,f1_score,0.8870116156282999,validation,2,4,False,25,0.0,0.8,0,64,0.5,4
11.0,accuracy_score,0.528798411122145,validation,2,4,True,25,0.0,0.8,0,64,0.5,4
11.0,recall_score,0.41154210028382215,validation,2,4,True,25,0.0,0.8,0,64,0.5,4
11.0,precision_score,0.5708661417322834,validation,2,4,True,25,0.0,0.8,0,64,0.5,4
11.0,f1_score,0.4782847718526663,validation,2,4,True,25,0.0,0.8,0,64,0.5,4
0.0,accuracy_score,0.7898218829516539,validation,3,8,False,25,0.0,0.8,0,64,0.5,4
0.0,recall_score,0.8007159904534606,validation,3,8,False,25,0.0,0.8,0,64,0.5,4
0.0,precision_score,0.7317339149400218,validation,3,8,False,25,0.0,0.8,0,64,0.5,4
0.0,f1_score,0.7646723646723647,validation,3,8,False,25,0.0,0.8,0,64,0.5,4
1.0,accuracy_score,0.739440203562341,validation,3,8,False,25,0.0,0.8,0,64,0.5,4
1.0,recall_score,0.7356020942408377,validation,3,8,False,25,0.0,0.8,0,64,0.5,4
1.0,precision_score,0.6444954128440367,validation,3,8,False,25,0.0,0.8,0,64,0.5,4
1.0,f1_score,0.687041564792176,validation,3,8,False,25,0.0,0.8,0,64,0.5,4
2.0,accuracy_score,0.8839694656488549,validation,3,8,False,25,0.0,0.8,0,64,0.5,4
2.0,recall_score,0.9544603867747973,validation,3,8,False,25,0.0,0.8,0,64,0.5,4
2.0,precision_score,0.9080118694362018,validation,3,8,False,25,0.0,0.8,0,64,0.5,4
2.0,f1_score,0.9306569343065695,validation,3,8,False,25,0.0,0.8,0,64,0.5,4
3.0,accuracy_score,0.7582697201017812,validation,3,8,False,25,0.0,0.8,0,64,0.5,4
3.0,recall_score,0.8205394190871369,validation,3,8,False,25,0.0,0.8,0,64,0.5,4
3.0,precision_score,0.7236962488563586,validation,3,8,False,25,0.0,0.8,0,64,0.5,4
3.0,f1_score,0.7690811861934856,validation,3,8,False,25,0.0,0.8,0,64,0.5,4
4.0,accuracy_score,0.5033078880407125,validation,3,8,True,25,0.0,0.8,0,64,0.5,4
4.0,recall_score,0.3591756624141315,validation,3,8,True,25,0.0,0.8,0,64,0.5,4
4.0,precision_score,0.5312046444121916,validation,3,8,True,25,0.0,0.8,0,64,0.5,4
4.0,f1_score,0.42857142857142855,validation,3,8,True,25,0.0,0.8,0,64,0.5,4
5.0,accuracy_score,0.72264631043257,validation,3,8,False,25,0.0,0.8,0,64,0.5,4
5.0,recall_score,0.787515006002401,validation,3,8,False,25,0.0,0.8,0,64,0.5,4
5.0,precision_score,0.640625,validation,3,8,False,25,0.0,0.8,0,64,0.5,4
5.0,f1_score,0.7065158858373721,validation,3,8,False,25,0.0,0.8,0,64,0.5,4
6.0,accuracy_score,0.7536895674300255,validation,3,8,False,25,0.0,0.8,0,64,0.5,4
6.0,recall_score,0.8325892857142857,validation,3,8,False,25,0.0,0.8,0,64,0.5,4
6.0,precision_score,0.6907407407407408,validation,3,8,False,25,0.0,0.8,0,64,0.5,4
6.0,f1_score,0.7550607287449392,validation,3,8,False,25,0.0,0.8,0,64,0.5,4
7.0,accuracy_score,0.467175572519084,validation,3,8,True,25,0.0,0.8,0,64,0.5,4
7.0,recall_score,0.3736951983298539,validation,3,8,True,25,0.0,0.8,0,64,0.5,4
7.0,precision_score,0.44472049689440996,validation,3,8,True,25,0.0,0.8,0,64,0.5,4
7.0,f1_score,0.4061259217243336,validation,3,8,True,25,0.0,0.8,0,64,0.5,4
8.0,accuracy_score,0.516030534351145,validation,3,8,True,25,0.0,0.8,0,64,0.5,4
8.0,recall_score,0.4050632911392405,validation,3,8,True,25,0.0,0.8,0,64,0.5,4
8.0,precision_score,0.3995006242197253,validation,3,8,True,25,0.0,0.8,0,64,0.5,4
8.0,f1_score,0.40226272784412315,validation,3,8,True,25,0.0,0.8,0,64,0.5,4
9.0,accuracy_score,0.7643765903307888,validation,3,8,False,25,0.0,0.8,0,64,0.5,4
9.0,recall_score,0.8042505592841164,validation,3,8,False,25,0.0,0.8,0,64,0.5,4
9.0,precision_score,0.7140019860973188,validation,3,8,False,25,0.0,0.8,0,64,0.5,4
9.0,f1_score,0.7564439768542873,validation,3,8,False,25,0.0,0.8,0,64,0.5,4
10.0,accuracy_score,0.6875318066157761,validation,3,8,False,25,0.0,0.8,0,64,0.5,4
10.0,recall_score,0.6968283582089553,validation,3,8,False,25,0.0,0.8,0,64,0.5,4
10.0,precision_score,0.721042471042471,validation,3,8,False,25,0.0,0.8,0,64,0.5,4
10.0,f1_score,0.7087286527514232,validation,3,8,False,25,0.0,0.8,0,64,0.5,4
11.0,accuracy_score,0.5475826972010178,validation,3,8,True,25,0.0,0.8,0,64,0.5,4
11.0,recall_score,0.5081652257444764,validation,3,8,True,25,0.0,0.8,0,64,0.5,4
11.0,precision_score,0.5838852097130243,validation,3,8,True,25,0.0,0.8,0,64,0.5,4
11.0,f1_score,0.5434001027221366,validation,3,8,True,25,0.0,0.8,0,64,0.5,4
0.0,accuracy_score,0.7512512512512513,validation,4,16,False,25,0.0,0.8,0,64,0.5,4
0.0,recall_score,0.7490729295426453,validation,4,16,False,25,0.0,0.8,0,64,0.5,4
0.0,precision_score,0.6733333333333333,validation,4,16,False,25,0.0,0.8,0,64,0.5,4
0.0,f1_score,0.7091866588648332,validation,4,16,False,25,0.0,0.8,0,64,0.5,4
1.0,accuracy_score,0.6916916916916916,validation,4,16,False,25,0.0,0.8,0,64,0.5,4
1.0,recall_score,0.6726835138387485,validation,4,16,False,25,0.0,0.8,0,64,0.5,4
1.0,precision_score,0.6190476190476191,validation,4,16,False,25,0.0,0.8,0,64,0.5,4
1.0,f1_score,0.6447520184544405,validation,4,16,False,25,0.0,0.8,0,64,0.5,4
2.0,accuracy_score,0.7577577577577578,validation,4,16,False,25,0.0,0.8,0,64,0.5,4
2.0,recall_score,0.8449466415568111,validation,4,16,False,25,0.0,0.8,0,64,0.5,4
2.0,precision_score,0.85028427037271,validation,4,16,False,25,0.0,0.8,0,64,0.5,4
2.0,f1_score,0.8476070528967253,validation,4,16,False,25,0.0,0.8,0,64,0.5,4
3.0,accuracy_score,0.7177177177177178,validation,4,16,False,25,0.0,0.8,0,64,0.5,4
3.0,recall_score,0.7187839305103149,validation,4,16,False,25,0.0,0.8,0,64,0.5,4
3.0,precision_score,0.6845915201654602,validation,4,16,False,25,0.0,0.8,0,64,0.5,4
3.0,f1_score,0.701271186440678,validation,4,16,False,25,0.0,0.8,0,64,0.5,4
4.0,accuracy_score,0.5530530530530531,validation,4,16,True,25,0.0,0.8,0,64,0.5,4
4.0,recall_score,0.5143884892086331,validation,4,16,True,25,0.0,0.8,0,64,0.5,4
4.0,precision_score,0.6183783783783784,validation,4,16,True,25,0.0,0.8,0,64,0.5,4
4.0,f1_score,0.5616102110947472,validation,4,16,True,25,0.0,0.8,0,64,0.5,4
5.0,accuracy_score,0.7327327327327328,validation,4,16,False,25,0.0,0.8,0,64,0.5,4
5.0,recall_score,0.7483940042826552,validation,4,16,False,25,0.0,0.8,0,64,0.5,4
5.0,precision_score,0.7004008016032064,validation,4,16,False,25,0.0,0.8,0,64,0.5,4
5.0,f1_score,0.7236024844720498,validation,4,16,False,25,0.0,0.8,0,64,0.5,4
6.0,accuracy_score,0.6526526526526526,validation,4,16,False,25,0.0,0.8,0,64,0.5,4
6.0,recall_score,0.6502923976608187,validation,4,16,False,25,0.0,0.8,0,64,0.5,4
6.0,precision_score,0.5846477392218717,validation,4,16,False,25,0.0,0.8,0,64,0.5,4
6.0,f1_score,0.6157253599114064,validation,4,16,False,25,0.0,0.8,0,64,0.5,4
7.0,accuracy_score,0.5155155155155156,validation,4,16,True,25,0.0,0.8,0,64,0.5,4
7.0,recall_score,0.4352720450281426,validation,4,16,True,25,0.0,0.8,0,64,0.5,4
7.0,precision_score,0.5590361445783133,validation,4,16,True,25,0.0,0.8,0,64,0.5,4
7.0,f1_score,0.489451476793249,validation,4,16,True,25,0.0,0.8,0,64,0.5,4
8.0,accuracy_score,0.46346346346346345,validation,4,16,True,25,0.0,0.8,0,64,0.5,4
8.0,recall_score,0.3985943775100402,validation,4,16,True,25,0.0,0.8,0,64,0.5,4
8.0,precision_score,0.45632183908045976,validation,4,16,True,25,0.0,0.8,0,64,0.5,4
8.0,f1_score,0.42550911039657013,validation,4,16,True,25,0.0,0.8,0,64,0.5,4
9.0,accuracy_score,0.7882882882882883,validation,4,16,False,25,0.0,0.8,0,64,0.5,4
9.0,recall_score,0.8671548117154811,validation,4,16,False,25,0.0,0.8,0,64,0.5,4
9.0,precision_score,0.7368888888888889,validation,4,16,False,25,0.0,0.8,0,64,0.5,4
9.0,f1_score,0.7967323402210477,validation,4,16,False,25,0.0,0.8,0,64,0.5,4
10.0,accuracy_score,0.6846846846846847,validation,4,16,False,25,0.0,0.8,0,64,0.5,4
10.0,recall_score,0.6117775354416576,validation,4,16,False,25,0.0,0.8,0,64,0.5,4
10.0,precision_score,0.6718562874251497,validation,4,16,False,25,0.0,0.8,0,64,0.5,4
10.0,f1_score,0.6404109589041097,validation,4,16,False,25,0.0,0.8,0,64,0.5,4
11.0,accuracy_score,0.5155155155155156,validation,4,16,True,25,0.0,0.8,0,64,0.5,4
11.0,recall_score,0.45454545454545453,validation,4,16,True,25,0.0,0.8,0,64,0.5,4
11.0,precision_score,0.45659526493799324,validation,4,16,True,25,0.0,0.8,0,64,0.5,4
11.0,f1_score,0.45556805399325084,validation,4,16,True,25,0.0,0.8,0,64,0.5,4
0.0,accuracy_score,0.8203712995484195,validation,5,32,False,25,0.0,0.8,0,64,0.5,4
0.0,recall_score,0.8730904817861339,validation,5,32,False,25,0.0,0.8,0,64,0.5,4
0.0,precision_score,0.7482376636455186,validation,5,32,False,25,0.0,0.8,0,64,0.5,4
0.0,f1_score,0.8058568329718003,validation,5,32,False,25,0.0,0.8,0,64,0.5,4
1.0,accuracy_score,0.7867536377320622,validation,5,32,False,25,0.0,0.8,0,64,0.5,4
1.0,recall_score,0.8155111633372503,validation,5,32,False,25,0.0,0.8,0,64,0.5,4
1.0,precision_score,0.7214137214137214,validation,5,32,False,25,0.0,0.8,0,64,0.5,4
1.0,f1_score,0.7655819084390513,validation,5,32,False,25,0.0,0.8,0,64,0.5,4
2.0,accuracy_score,0.8339187155042649,validation,5,32,False,25,0.0,0.8,0,64,0.5,4
2.0,recall_score,0.9224704336399474,validation,5,32,False,25,0.0,0.8,0,64,0.5,4
2.0,precision_score,0.8682745825602969,validation,5,32,False,25,0.0,0.8,0,64,0.5,4
2.0,f1_score,0.8945524052245938,validation,5,32,False,25,0.0,0.8,0,64,0.5,4
3.0,accuracy_score,0.745609633718013,validation,5,32,False,25,0.0,0.8,0,64,0.5,4
3.0,recall_score,0.779826464208243,validation,5,32,False,25,0.0,0.8,0,64,0.5,4
3.0,precision_score,0.7028347996089932,validation,5,32,False,25,0.0,0.8,0,64,0.5,4
3.0,f1_score,0.7393316195372751,validation,5,32,False,25,0.0,0.8,0,64,0.5,4
4.0,accuracy_score,0.530356246864024,validation,5,32,True,25,0.0,0.8,0,64,0.5,4
4.0,recall_score,0.3391705069124424,validation,5,32,True,25,0.0,0.8,0,64,0.5,4
4.0,precision_score,0.626916524701874,validation,5,32,True,25,0.0,0.8,0,64,0.5,4
4.0,f1_score,0.4401913875598086,validation,5,32,True,25,0.0,0.8,0,64,0.5,4
5.0,accuracy_score,0.7486201705970899,validation,5,32,False,25,0.0,0.8,0,64,0.5,4
5.0,recall_score,0.7764471057884231,validation,5,32,False,25,0.0,0.8,0,64,0.5,4
5.0,precision_score,0.7374407582938388,validation,5,32,False,25,0.0,0.8,0,64,0.5,4
5.0,f1_score,0.7564414195430237,validation,5,32,False,25,0.0,0.8,0,64,0.5,4
6.0,accuracy_score,0.809332664325138,validation,5,32,False,25,0.0,0.8,0,64,0.5,4
6.0,recall_score,0.8419811320754716,validation,5,32,False,25,0.0,0.8,0,64,0.5,4
6.0,precision_score,0.74375,validation,5,32,False,25,0.0,0.8,0,64,0.5,4
6.0,f1_score,0.7898230088495576,validation,5,32,False,25,0.0,0.8,0,64,0.5,4
7.0,accuracy_score,0.5012543903662819,validation,5,32,True,25,0.0,0.8,0,64,0.5,4
7.0,recall_score,0.3115100316789863,validation,5,32,True,25,0.0,0.8,0,64,0.5,4
7.0,precision_score,0.4631083202511774,validation,5,32,True,25,0.0,0.8,0,64,0.5,4
7.0,f1_score,0.37247474747474746,validation,5,32,True,25,0.0,0.8,0,64,0.5,4
8.0,accuracy_score,0.43452082288008026,validation,5,32,True,25,0.0,0.8,0,64,0.5,4
8.0,recall_score,0.223717409587889,validation,5,32,True,25,0.0,0.8,0,64,0.5,4
8.0,precision_score,0.5659574468085107,validation,5,32,True,25,0.0,0.8,0,64,0.5,4
8.0,f1_score,0.32067510548523204,validation,5,32,True,25,0.0,0.8,0,64,0.5,4
9.0,accuracy_score,0.7315604616156548,validation,5,32,False,25,0.0,0.8,0,64,0.5,4
9.0,recall_score,0.8006042296072508,validation,5,32,False,25,0.0,0.8,0,64,0.5,4
9.0,precision_score,0.7022968197879859,validation,5,32,False,25,0.0,0.8,0,64,0.5,4
9.0,f1_score,0.748235294117647,validation,5,32,False,25,0.0,0.8,0,64,0.5,4
10.0,accuracy_score,0.8018063221274461,validation,5,32,False,25,0.0,0.8,0,64,0.5,4
10.0,recall_score,0.8463983050847458,validation,5,32,False,25,0.0,0.8,0,64,0.5,4
10.0,precision_score,0.7616777883698761,validation,5,32,False,25,0.0,0.8,0,64,0.5,4
10.0,f1_score,0.8018063221274462,validation,5,32,False,25,0.0,0.8,0,64,0.5,4
11.0,accuracy_score,0.5313597591570497,validation,5,32,True,25,0.0,0.8,0,64,0.5,4
11.0,recall_score,0.2838847385272145,validation,5,32,True,25,0.0,0.8,0,64,0.5,4
11.0,precision_score,0.502835538752363,validation,5,32,True,25,0.0,0.8,0,64,0.5,4
11.0,f1_score,0.3628922237380628,validation,5,32,True,25,0.0,0.8,0,64,0.5,4
0.0,accuracy_score,0.6792828685258964,validation,6,64,False,25,0.0,0.8,0,64,0.5,4
0.0,recall_score,0.643281807372176,validation,6,64,False,25,0.0,0.8,0,64,0.5,4
0.0,precision_score,0.6112994350282486,validation,6,64,False,25,0.0,0.8,0,64,0.5,4
0.0,f1_score,0.626882966396292,validation,6,64,False,25,0.0,0.8,0,64,0.5,4
1.0,accuracy_score,0.647410358565737,validation,6,64,False,25,0.0,0.8,0,64,0.5,4
1.0,recall_score,0.6364705882352941,validation,6,64,False,25,0.0,0.8,0,64,0.5,4
1.0,precision_score,0.575531914893617,validation,6,64,False,25,0.0,0.8,0,64,0.5,4
1.0,f1_score,0.6044692737430168,validation,6,64,False,25,0.0,0.8,0,64,0.5,4
2.0,accuracy_score,0.7181274900398407,validation,6,64,False,25,0.0,0.8,0,64,0.5,4
2.0,recall_score,0.7471607890017932,validation,6,64,False,25,0.0,0.8,0,64,0.5,4
2.0,precision_score,0.8973438621679828,validation,6,64,False,25,0.0,0.8,0,64,0.5,4
2.0,f1_score,0.8153946510110893,validation,6,64,False,25,0.0,0.8,0,64,0.5,4
3.0,accuracy_score,0.6678286852589641,validation,6,64,False,25,0.0,0.8,0,64,0.5,4
3.0,recall_score,0.6823266219239373,validation,6,64,False,25,0.0,0.8,0,64,0.5,4
3.0,precision_score,0.6143001007049346,validation,6,64,False,25,0.0,0.8,0,64,0.5,4
3.0,f1_score,0.6465288818229995,validation,6,64,False,25,0.0,0.8,0,64,0.5,4
4.0,accuracy_score,0.5134462151394422,validation,6,64,True,25,0.0,0.8,0,64,0.5,4
4.0,recall_score,0.487964989059081,validation,6,64,True,25,0.0,0.8,0,64,0.5,4
4.0,precision_score,0.46701570680628274,validation,6,64,True,25,0.0,0.8,0,64,0.5,4
4.0,f1_score,0.47726056714820764,validation,6,64,True,25,0.0,0.8,0,64,0.5,4
5.0,accuracy_score,0.6190239043824701,validation,6,64,False,25,0.0,0.8,0,64,0.5,4
5.0,recall_score,0.6346691519105312,validation,6,64,False,25,0.0,0.8,0,64,0.5,4
5.0,precision_score,0.6461100569259962,validation,6,64,False,25,0.0,0.8,0,64,0.5,4
5.0,f1_score,0.6403385049365303,validation,6,64,False,25,0.0,0.8,0,64,0.5,4
6.0,accuracy_score,0.6424302788844621,validation,6,64,False,25,0.0,0.8,0,64,0.5,4
6.0,recall_score,0.6544190665342602,validation,6,64,False,25,0.0,0.8,0,64,0.5,4
6.0,precision_score,0.640427599611273,validation,6,64,False,25,0.0,0.8,0,64,0.5,4
6.0,f1_score,0.6473477406679765,validation,6,64,False,25,0.0,0.8,0,64,0.5,4
7.0,accuracy_score,0.5268924302788844,validation,6,64,True,25,0.0,0.8,0,64,0.5,4
7.0,recall_score,0.5736648250460405,validation,6,64,True,25,0.0,0.8,0,64,0.5,4
7.0,precision_score,0.5612612612612613,validation,6,64,True,25,0.0,0.8,0,64,0.5,4
7.0,f1_score,0.5673952641165757,validation,6,64,True,25,0.0,0.8,0,64,0.5,4
8.0,accuracy_score,0.5044820717131474,validation,6,64,True,25,0.0,0.8,0,64,0.5,4
8.0,recall_score,0.4837758112094395,validation,6,64,True,25,0.0,0.8,0,64,0.5,4
8.0,precision_score,0.5114345114345115,validation,6,64,True,25,0.0,0.8,0,64,0.5,4
8.0,f1_score,0.4972208185952501,validation,6,64,True,25,0.0,0.8,0,64,0.5,4
9.0,accuracy_score,0.6957171314741036,validation,6,64,False,25,0.0,0.8,0,64,0.5,4
9.0,recall_score,0.6625766871165644,validation,6,64,False,25,0.0,0.8,0,64,0.5,4
9.0,precision_score,0.697524219590958,validation,6,64,False,25,0.0,0.8,0,64,0.5,4
9.0,f1_score,0.6796014682747771,validation,6,64,False,25,0.0,0.8,0,64,0.5,4
10.0,accuracy_score,0.6857569721115537,validation,6,64,False,25,0.0,0.8,0,64,0.5,4
10.0,recall_score,0.6528545119705341,validation,6,64,False,25,0.0,0.8,0,64,0.5,4
10.0,precision_score,0.7362409138110073,validation,6,64,False,25,0.0,0.8,0,64,0.5,4
10.0,f1_score,0.6920448999511958,validation,6,64,False,25,0.0,0.8,0,64,0.5,4
11.0,accuracy_score,0.5144422310756972,validation,6,64,True,25,0.0,0.8,0,64,0.5,4
11.0,recall_score,0.5268817204301075,validation,6,64,True,25,0.0,0.8,0,64,0.5,4
11.0,precision_score,0.47804878048780486,validation,6,64,True,25,0.0,0.8,0,64,0.5,4
11.0,f1_score,0.5012787723785166,validation,6,64,True,25,0.0,0.8,0,64,0.5,4
0.0,accuracy_score,0.7406091370558375,validation,7,128,False,25,0.0,0.8,0,64,0.5,4
0.0,recall_score,0.751207729468599,validation,7,128,False,25,0.0,0.8,0,64,0.5,4
0.0,precision_score,0.6709816612729234,validation,7,128,False,25,0.0,0.8,0,64,0.5,4
0.0,f1_score,0.7088319088319088,validation,7,128,False,25,0.0,0.8,0,64,0.5,4
1.0,accuracy_score,0.6710659898477157,validation,7,128,False,25,0.0,0.8,0,64,0.5,4
1.0,recall_score,0.6693548387096774,validation,7,128,False,25,0.0,0.8,0,64,0.5,4
1.0,precision_score,0.6167728237791932,validation,7,128,False,25,0.0,0.8,0,64,0.5,4
1.0,f1_score,0.6419889502762431,validation,7,128,False,25,0.0,0.8,0,64,0.5,4
2.0,accuracy_score,0.8081218274111676,validation,7,128,False,25,0.0,0.8,0,64,0.5,4
2.0,recall_score,0.8752374920835972,validation,7,128,False,25,0.0,0.8,0,64,0.5,4
2.0,precision_score,0.8841970569417786,validation,7,128,False,25,0.0,0.8,0,64,0.5,4
2.0,f1_score,0.8796944621260343,validation,7,128,False,25,0.0,0.8,0,64,0.5,4
3.0,accuracy_score,0.6614213197969543,validation,7,128,False,25,0.0,0.8,0,64,0.5,4
3.0,recall_score,0.6870588235294117,validation,7,128,False,25,0.0,0.8,0,64,0.5,4
3.0,precision_score,0.5928934010152285,validation,7,128,False,25,0.0,0.8,0,64,0.5,4
3.0,f1_score,0.6365122615803814,validation,7,128,False,25,0.0,0.8,0,64,0.5,4
4.0,accuracy_score,0.4593908629441624,validation,7,128,True,25,0.0,0.8,0,64,0.5,4
4.0,recall_score,0.3746630727762803,validation,7,128,True,25,0.0,0.8,0,64,0.5,4
4.0,precision_score,0.5305343511450382,validation,7,128,True,25,0.0,0.8,0,64,0.5,4
4.0,f1_score,0.4391785150078989,validation,7,128,True,25,0.0,0.8,0,64,0.5,4
5.0,accuracy_score,0.649746192893401,validation,7,128,False,25,0.0,0.8,0,64,0.5,4
5.0,recall_score,0.6584821428571429,validation,7,128,False,25,0.0,0.8,0,64,0.5,4
5.0,precision_score,0.6057494866529775,validation,7,128,False,25,0.0,0.8,0,64,0.5,4
5.0,f1_score,0.6310160427807487,validation,7,128,False,25,0.0,0.8,0,64,0.5,4
6.0,accuracy_score,0.6715736040609137,validation,7,128,False,25,0.0,0.8,0,64,0.5,4
6.0,recall_score,0.6771488469601677,validation,7,128,False,25,0.0,0.8,0,64,0.5,4
6.0,precision_score,0.6558375634517767,validation,7,128,False,25,0.0,0.8,0,64,0.5,4
6.0,f1_score,0.666322846828262,validation,7,128,False,25,0.0,0.8,0,64,0.5,4
7.0,accuracy_score,0.5152284263959391,validation,7,128,True,25,0.0,0.8,0,64,0.5,4
7.0,recall_score,0.4548076923076923,validation,7,128,True,25,0.0,0.8,0,64,0.5,4
7.0,precision_score,0.5493612078977933,validation,7,128,True,25,0.0,0.8,0,64,0.5,4
7.0,f1_score,0.4976328248290373,validation,7,128,True,25,0.0,0.8,0,64,0.5,4
8.0,accuracy_score,0.46091370558375633,validation,7,128,True,25,0.0,0.8,0,64,0.5,4
8.0,recall_score,0.4393939393939394,validation,7,128,True,25,0.0,0.8,0,64,0.5,4
8.0,precision_score,0.36024844720496896,validation,7,128,True,25,0.0,0.8,0,64,0.5,4
8.0,f1_score,0.3959044368600682,validation,7,128,True,25,0.0,0.8,0,64,0.5,4
9.0,accuracy_score,0.7370558375634517,validation,7,128,False,25,0.0,0.8,0,64,0.5,4
9.0,recall_score,0.7240592930444698,validation,7,128,False,25,0.0,0.8,0,64,0.5,4
9.0,precision_score,0.6970362239297475,validation,7,128,False,25,0.0,0.8,0,64,0.5,4
9.0,f1_score,0.7102908277404921,validation,7,128,False,25,0.0,0.8,0,64,0.5,4
10.0,accuracy_score,0.6771573604060914,validation,7,128,False,25,0.0,0.8,0,64,0.5,4
10.0,recall_score,0.5974025974025974,validation,7,128,False,25,0.0,0.8,0,64,0.5,4
10.0,precision_score,0.6317103620474407,validation,7,128,False,25,0.0,0.8,0,64,0.5,4
10.0,f1_score,0.6140776699029126,validation,7,128,False,25,0.0,0.8,0,64,0.5,4
11.0,accuracy_score,0.5101522842639594,validation,7,128,True,25,0.0,0.8,0,64,0.5,4
11.0,recall_score,0.5128939828080229,validation,7,128,True,25,0.0,0.8,0,64,0.5,4
11.0,precision_score,0.5413306451612904,validation,7,128,True,25,0.0,0.8,0,64,0.5,4
11.0,f1_score,0.5267287886218736,validation,7,128,True,25,0.0,0.8,0,64,0.5,4
0.0,accuracy_score,0.8045501551189245,validation,8,256,False,25,0.0,0.8,0,64,0.5,4
0.0,recall_score,0.8711734693877551,validation,8,256,False,25,0.0,0.8,0,64,0.5,4
0.0,precision_score,0.7114583333333333,validation,8,256,False,25,0.0,0.8,0,64,0.5,4
0.0,f1_score,0.7832568807339448,validation,8,256,False,25,0.0,0.8,0,64,0.5,4
1.0,accuracy_score,0.749224405377456,validation,8,256,False,25,0.0,0.8,0,64,0.5,4
1.0,recall_score,0.768957345971564,validation,8,256,False,25,0.0,0.8,0,64,0.5,4
1.0,precision_score,0.691160809371672,validation,8,256,False,25,0.0,0.8,0,64,0.5,4
1.0,f1_score,0.7279865395401008,validation,8,256,False,25,0.0,0.8,0,64,0.5,4
2.0,accuracy_score,0.8138572905894519,validation,8,256,False,25,0.0,0.8,0,64,0.5,4
2.0,recall_score,0.9115776081424937,validation,8,256,False,25,0.0,0.8,0,64,0.5,4
2.0,precision_score,0.8663845223700121,validation,8,256,False,25,0.0,0.8,0,64,0.5,4
2.0,f1_score,0.8884066955982641,validation,8,256,False,25,0.0,0.8,0,64,0.5,4
3.0,accuracy_score,0.7828335056876939,validation,8,256,False,25,0.0,0.8,0,64,0.5,4
3.0,recall_score,0.8964732650739476,validation,8,256,False,25,0.0,0.8,0,64,0.5,4
3.0,precision_score,0.7054610564010743,validation,8,256,False,25,0.0,0.8,0,64,0.5,4
3.0,f1_score,0.7895791583166333,validation,8,256,False,25,0.0,0.8,0,64,0.5,4
4.0,accuracy_score,0.5243019648397105,validation,8,256,True,25,0.0,0.8,0,64,0.5,4
4.0,recall_score,0.35816326530612247,validation,8,256,True,25,0.0,0.8,0,64,0.5,4
4.0,precision_score,0.5467289719626168,validation,8,256,True,25,0.0,0.8,0,64,0.5,4
4.0,f1_score,0.43279901356350187,validation,8,256,True,25,0.0,0.8,0,64,0.5,4
5.0,accuracy_score,0.6902792140641159,validation,8,256,False,25,0.0,0.8,0,64,0.5,4
5.0,recall_score,0.7708082026537998,validation,8,256,False,25,0.0,0.8,0,64,0.5,4
5.0,precision_score,0.6097328244274809,validation,8,256,False,25,0.0,0.8,0,64,0.5,4
5.0,f1_score,0.6808737346830047,validation,8,256,False,25,0.0,0.8,0,64,0.5,4
6.0,accuracy_score,0.8200620475698035,validation,8,256,False,25,0.0,0.8,0,64,0.5,4
6.0,recall_score,0.8752941176470588,validation,8,256,False,25,0.0,0.8,0,64,0.5,4
6.0,precision_score,0.7545638945233266,validation,8,256,False,25,0.0,0.8,0,64,0.5,4
6.0,f1_score,0.8104575163398694,validation,8,256,False,25,0.0,0.8,0,64,0.5,4
7.0,accuracy_score,0.5491209927611168,validation,8,256,True,25,0.0,0.8,0,64,0.5,4
7.0,recall_score,0.38122171945701355,validation,8,256,True,25,0.0,0.8,0,64,0.5,4
7.0,precision_score,0.5090634441087614,validation,8,256,True,25,0.0,0.8,0,64,0.5,4
7.0,f1_score,0.4359637774902975,validation,8,256,True,25,0.0,0.8,0,64,0.5,4
8.0,accuracy_score,0.5842812823164426,validation,8,256,True,25,0.0,0.8,0,64,0.5,4
8.0,recall_score,0.36226851851851855,validation,8,256,True,25,0.0,0.8,0,64,0.5,4
8.0,precision_score,0.5530035335689046,validation,8,256,True,25,0.0,0.8,0,64,0.5,4
8.0,f1_score,0.4377622377622378,validation,8,256,True,25,0.0,0.8,0,64,0.5,4
9.0,accuracy_score,0.795243019648397,validation,8,256,False,25,0.0,0.8,0,64,0.5,4
9.0,recall_score,0.7958412098298677,validation,8,256,False,25,0.0,0.8,0,64,0.5,4
9.0,precision_score,0.8238747553816047,validation,8,256,False,25,0.0,0.8,0,64,0.5,4
9.0,f1_score,0.8096153846153846,validation,8,256,False,25,0.0,0.8,0,64,0.5,4
10.0,accuracy_score,0.8500517063081696,validation,8,256,False,25,0.0,0.8,0,64,0.5,4
10.0,recall_score,0.8557692307692307,validation,8,256,False,25,0.0,0.8,0,64,0.5,4
10.0,precision_score,0.8378661087866108,validation,8,256,False,25,0.0,0.8,0,64,0.5,4
10.0,f1_score,0.8467230443974629,validation,8,256,False,25,0.0,0.8,0,64,0.5,4
11.0,accuracy_score,0.43795243019648394,validation,8,256,True,25,0.0,0.8,0,64,0.5,4
11.0,recall_score,0.2645161290322581,validation,8,256,True,25,0.0,0.8,0,64,0.5,4
11.0,precision_score,0.3790446841294299,validation,8,256,True,25,0.0,0.8,0,64,0.5,4
11.0,f1_score,0.311589613679544,validation,8,256,True,25,0.0,0.8,0,64,0.5,4
0.0,accuracy_score,0.799901185770751,validation,9,512,False,25,0.0,0.8,0,64,0.5,4
0.0,recall_score,0.8132678132678133,validation,9,512,False,25,0.0,0.8,0,64,0.5,4
0.0,precision_score,0.7234972677595628,validation,9,512,False,25,0.0,0.8,0,64,0.5,4
0.0,f1_score,0.7657605552342395,validation,9,512,False,25,0.0,0.8,0,64,0.5,4
1.0,accuracy_score,0.7598814229249012,validation,9,512,False,25,0.0,0.8,0,64,0.5,4
1.0,recall_score,0.7623049219687875,validation,9,512,False,25,0.0,0.8,0,64,0.5,4
1.0,precision_score,0.6879739978331527,validation,9,512,False,25,0.0,0.8,0,64,0.5,4
1.0,f1_score,0.7232346241457858,validation,9,512,False,25,0.0,0.8,0,64,0.5,4
2.0,accuracy_score,0.8527667984189723,validation,9,512,False,25,0.0,0.8,0,64,0.5,4
2.0,recall_score,0.9323843416370107,validation,9,512,False,25,0.0,0.8,0,64,0.5,4
2.0,precision_score,0.8952164009111617,validation,9,512,False,25,0.0,0.8,0,64,0.5,4
2.0,f1_score,0.9134224288204532,validation,9,512,False,25,0.0,0.8,0,64,0.5,4
3.0,accuracy_score,0.7425889328063241,validation,9,512,False,25,0.0,0.8,0,64,0.5,4
3.0,recall_score,0.7608142493638677,validation,9,512,False,25,0.0,0.8,0,64,0.5,4
3.0,precision_score,0.6423200859291085,validation,9,512,False,25,0.0,0.8,0,64,0.5,4
3.0,f1_score,0.6965637740244612,validation,9,512,False,25,0.0,0.8,0,64,0.5,4
4.0,accuracy_score,0.5726284584980237,validation,9,512,True,25,0.0,0.8,0,64,0.5,4
4.0,recall_score,0.41486359360301034,validation,9,512,True,25,0.0,0.8,0,64,0.5,4
4.0,precision_score,0.6447368421052632,validation,9,512,True,25,0.0,0.8,0,64,0.5,4
4.0,f1_score,0.5048654836863194,validation,9,512,True,25,0.0,0.8,0,64,0.5,4
5.0,accuracy_score,0.7455533596837944,validation,9,512,False,25,0.0,0.8,0,64,0.5,4
5.0,recall_score,0.8013245033112583,validation,9,512,False,25,0.0,0.8,0,64,0.5,4
5.0,precision_score,0.6842601319509897,validation,9,512,False,25,0.0,0.8,0,64,0.5,4
5.0,f1_score,0.7381799694966955,validation,9,512,False,25,0.0,0.8,0,64,0.5,4
6.0,accuracy_score,0.7682806324110671,validation,9,512,False,25,0.0,0.8,0,64,0.5,4
6.0,recall_score,0.7690114068441065,validation,9,512,False,25,0.0,0.8,0,64,0.5,4
6.0,precision_score,0.7816425120772947,validation,9,512,False,25,0.0,0.8,0,64,0.5,4
6.0,f1_score,0.7752755150934355,validation,9,512,False,25,0.0,0.8,0,64,0.5,4
7.0,accuracy_score,0.5741106719367589,validation,9,512,True,25,0.0,0.8,0,64,0.5,4
7.0,recall_score,0.3978835978835979,validation,9,512,True,25,0.0,0.8,0,64,0.5,4
7.0,precision_score,0.5620328849028401,validation,9,512,True,25,0.0,0.8,0,64,0.5,4
7.0,f1_score,0.4659231722428749,validation,9,512,True,25,0.0,0.8,0,64,0.5,4
8.0,accuracy_score,0.5780632411067194,validation,9,512,True,25,0.0,0.8,0,64,0.5,4
8.0,recall_score,0.4015151515151515,validation,9,512,True,25,0.0,0.8,0,64,0.5,4
8.0,precision_score,0.5520833333333334,validation,9,512,True,25,0.0,0.8,0,64,0.5,4
8.0,f1_score,0.4649122807017544,validation,9,512,True,25,0.0,0.8,0,64,0.5,4
9.0,accuracy_score,0.7776679841897233,validation,9,512,False,25,0.0,0.8,0,64,0.5,4
9.0,recall_score,0.7675438596491229,validation,9,512,False,25,0.0,0.8,0,64,0.5,4
9.0,precision_score,0.746268656716418,validation,9,512,False,25,0.0,0.8,0,64,0.5,4
9.0,f1_score,0.7567567567567569,validation,9,512,False,25,0.0,0.8,0,64,0.5,4
10.0,accuracy_score,0.8058300395256917,validation,9,512,False,25,0.0,0.8,0,64,0.5,4
10.0,recall_score,0.7416073245167853,validation,9,512,False,25,0.0,0.8,0,64,0.5,4
10.0,precision_score,0.8398617511520737,validation,9,512,False,25,0.0,0.8,0,64,0.5,4
10.0,f1_score,0.7876823338735819,validation,9,512,False,25,0.0,0.8,0,64,0.5,4
11.0,accuracy_score,0.49950592885375494,validation,9,512,True,25,0.0,0.8,0,64,0.5,4
11.0,recall_score,0.2840549102428722,validation,9,512,True,25,0.0,0.8,0,64,0.5,4
11.0,precision_score,0.445364238410596,validation,9,512,True,25,0.0,0.8,0,64,0.5,4
11.0,f1_score,0.3468729851708575,validation,9,512,True,25,0.0,0.8,0,64,0.5,4
0.0,accuracy_score,0.7593503937007874,validation,10,1024,False,25,0.0,0.8,0,64,0.5,4
0.0,recall_score,0.7283372365339579,validation,10,1024,False,25,0.0,0.8,0,64,0.5,4
0.0,precision_score,0.7076222980659841,validation,10,1024,False,25,0.0,0.8,0,64,0.5,4
0.0,f1_score,0.7178303519907674,validation,10,1024,False,25,0.0,0.8,0,64,0.5,4
1.0,accuracy_score,0.7258858267716536,validation,10,1024,False,25,0.0,0.8,0,64,0.5,4
1.0,recall_score,0.648960739030023,validation,10,1024,False,25,0.0,0.8,0,64,0.5,4
1.0,precision_score,0.6895705521472393,validation,10,1024,False,25,0.0,0.8,0,64,0.5,4
1.0,f1_score,0.6686496133254015,validation,10,1024,False,25,0.0,0.8,0,64,0.5,4
2.0,accuracy_score,0.7396653543307087,validation,10,1024,False,25,0.0,0.8,0,64,0.5,4
2.0,recall_score,0.7747191011235955,validation,10,1024,False,25,0.0,0.8,0,64,0.5,4
2.0,precision_score,0.9150630391506304,validation,10,1024,False,25,0.0,0.8,0,64,0.5,4
2.0,f1_score,0.8390629753574688,validation,10,1024,False,25,0.0,0.8,0,64,0.5,4
3.0,accuracy_score,0.7091535433070866,validation,10,1024,False,25,0.0,0.8,0,64,0.5,4
3.0,recall_score,0.674074074074074,validation,10,1024,False,25,0.0,0.8,0,64,0.5,4
3.0,precision_score,0.6923913043478261,validation,10,1024,False,25,0.0,0.8,0,64,0.5,4
3.0,f1_score,0.6831099195710456,validation,10,1024,False,25,0.0,0.8,0,64,0.5,4
4.0,accuracy_score,0.422244094488189,validation,10,1024,True,25,0.0,0.8,0,64,0.5,4
4.0,recall_score,0.275049115913556,validation,10,1024,True,25,0.0,0.8,0,64,0.5,4
4.0,precision_score,0.39106145251396646,validation,10,1024,True,25,0.0,0.8,0,64,0.5,4
4.0,f1_score,0.3229527104959631,validation,10,1024,True,25,0.0,0.8,0,64,0.5,4
5.0,accuracy_score,0.75,validation,10,1024,False,25,0.0,0.8,0,64,0.5,4
5.0,recall_score,0.7389791183294664,validation,10,1024,False,25,0.0,0.8,0,64,0.5,4
5.0,precision_score,0.6923913043478261,validation,10,1024,False,25,0.0,0.8,0,64,0.5,4
5.0,f1_score,0.7149270482603817,validation,10,1024,False,25,0.0,0.8,0,64,0.5,4
6.0,accuracy_score,0.7682086614173228,validation,10,1024,False,25,0.0,0.8,0,64,0.5,4
6.0,recall_score,0.7724922440537746,validation,10,1024,False,25,0.0,0.8,0,64,0.5,4
6.0,precision_score,0.748496993987976,validation,10,1024,False,25,0.0,0.8,0,64,0.5,4
6.0,f1_score,0.7603053435114504,validation,10,1024,False,25,0.0,0.8,0,64,0.5,4
7.0,accuracy_score,0.45177165354330706,validation,10,1024,True,25,0.0,0.8,0,64,0.5,4
7.0,recall_score,0.2930232558139535,validation,10,1024,True,25,0.0,0.8,0,64,0.5,4
7.0,precision_score,0.47085201793721976,validation,10,1024,True,25,0.0,0.8,0,64,0.5,4
7.0,f1_score,0.36123853211009177,validation,10,1024,True,25,0.0,0.8,0,64,0.5,4
8.0,accuracy_score,0.47391732283464566,validation,10,1024,True,25,0.0,0.8,0,64,0.5,4
8.0,recall_score,0.25462962962962965,validation,10,1024,True,25,0.0,0.8,0,64,0.5,4
8.0,precision_score,0.5102040816326531,validation,10,1024,True,25,0.0,0.8,0,64,0.5,4
8.0,f1_score,0.33971587399629405,validation,10,1024,True,25,0.0,0.8,0,64,0.5,4
9.0,accuracy_score,0.7091535433070866,validation,10,1024,False,25,0.0,0.8,0,64,0.5,4
9.0,recall_score,0.6134969325153374,validation,10,1024,False,25,0.0,0.8,0,64,0.5,4
9.0,precision_score,0.6443298969072165,validation,10,1024,False,25,0.0,0.8,0,64,0.5,4
9.0,f1_score,0.6285355122564426,validation,10,1024,False,25,0.0,0.8,0,64,0.5,4
10.0,accuracy_score,0.7258858267716536,validation,10,1024,False,25,0.0,0.8,0,64,0.5,4
10.0,recall_score,0.762487257900102,validation,10,1024,False,25,0.0,0.8,0,64,0.5,4
10.0,precision_score,0.6977611940298507,validation,10,1024,False,25,0.0,0.8,0,64,0.5,4
10.0,f1_score,0.7286897223575257,validation,10,1024,False,25,0.0,0.8,0,64,0.5,4
11.0,accuracy_score,0.48572834645669294,validation,10,1024,True,25,0.0,0.8,0,64,0.5,4
11.0,recall_score,0.3053097345132743,validation,10,1024,True,25,0.0,0.8,0,64,0.5,4
11.0,precision_score,0.39826839826839827,validation,10,1024,True,25,0.0,0.8,0,64,0.5,4
11.0,f1_score,0.345648090169067,validation,10,1024,True,25,0.0,0.8,0,64,0.5,4
0.0,auc_precision_recall_curve,0.7599365858790105,validation,1,2,False,25,0.0,0.8,0,64,0.5,4
1.0,auc_precision_recall_curve,0.7141608593632051,validation,1,2,False,25,0.0,0.8,0,64,0.5,4
2.0,auc_precision_recall_curve,0.880210956925091,validation,1,2,False,25,0.0,0.8,0,64,0.5,4
3.0,auc_precision_recall_curve,0.7008642836479715,validation,1,2,False,25,0.0,0.8,0,64,0.5,4
4.0,auc_precision_recall_curve,0.5229011631449181,validation,1,2,True,25,0.0,0.8,0,64,0.5,4
5.0,auc_precision_recall_curve,0.8478354192305753,validation,1,2,False,25,0.0,0.8,0,64,0.5,4
6.0,auc_precision_recall_curve,0.8134318075487531,validation,1,2,False,25,0.0,0.8,0,64,0.5,4
7.0,auc_precision_recall_curve,0.5764560268799517,validation,1,2,True,25,0.0,0.8,0,64,0.5,4
8.0,auc_precision_recall_curve,0.3928303641560796,validation,1,2,True,25,0.0,0.8,0,64,0.5,4
9.0,auc_precision_recall_curve,0.7905069589781123,validation,1,2,False,25,0.0,0.8,0,64,0.5,4
10.0,auc_precision_recall_curve,0.7457178966314717,validation,1,2,False,25,0.0,0.8,0,64,0.5,4
11.0,auc_precision_recall_curve,0.5936733165680518,validation,1,2,True,25,0.0,0.8,0,64,0.5,4
0.0,auc_precision_recall_curve,0.8666867887329216,validation,2,4,False,25,0.0,0.8,0,64,0.5,4
1.0,auc_precision_recall_curve,0.8220642838700857,validation,2,4,False,25,0.0,0.8,0,64,0.5,4
2.0,auc_precision_recall_curve,0.9555732080891612,validation,2,4,False,25,0.0,0.8,0,64,0.5,4
3.0,auc_precision_recall_curve,0.8961035872515728,validation,2,4,False,25,0.0,0.8,0,64,0.5,4
4.0,auc_precision_recall_curve,0.45670462269723233,validation,2,4,True,25,0.0,0.8,0,64,0.5,4
5.0,auc_precision_recall_curve,0.8919925869927767,validation,2,4,False,25,0.0,0.8,0,64,0.5,4
6.0,auc_precision_recall_curve,0.9393026181114417,validation,2,4,False,25,0.0,0.8,0,64,0.5,4
7.0,auc_precision_recall_curve,0.5014556884843824,validation,2,4,True,25,0.0,0.8,0,64,0.5,4
8.0,auc_precision_recall_curve,0.4927142127797446,validation,2,4,True,25,0.0,0.8,0,64,0.5,4
9.0,auc_precision_recall_curve,0.9185971541141222,validation,2,4,False,25,0.0,0.8,0,64,0.5,4
10.0,auc_precision_recall_curve,0.9771596895685093,validation,2,4,False,25,0.0,0.8,0,64,0.5,4
11.0,auc_precision_recall_curve,0.5531875379538769,validation,2,4,True,25,0.0,0.8,0,64,0.5,4
0.0,auc_precision_recall_curve,0.8168992596142289,validation,3,8,False,25,0.0,0.8,0,64,0.5,4
1.0,auc_precision_recall_curve,0.7042039103635594,validation,3,8,False,25,0.0,0.8,0,64,0.5,4
2.0,auc_precision_recall_curve,0.9435676890180107,validation,3,8,False,25,0.0,0.8,0,64,0.5,4
3.0,auc_precision_recall_curve,0.7637234526551095,validation,3,8,False,25,0.0,0.8,0,64,0.5,4
4.0,auc_precision_recall_curve,0.48324417724630203,validation,3,8,True,25,0.0,0.8,0,64,0.5,4
5.0,auc_precision_recall_curve,0.7249927899759179,validation,3,8,False,25,0.0,0.8,0,64,0.5,4
6.0,auc_precision_recall_curve,0.8326505712305092,validation,3,8,False,25,0.0,0.8,0,64,0.5,4
7.0,auc_precision_recall_curve,0.4445971322993191,validation,3,8,True,25,0.0,0.8,0,64,0.5,4
8.0,auc_precision_recall_curve,0.4257635511777605,validation,3,8,True,25,0.0,0.8,0,64,0.5,4
9.0,auc_precision_recall_curve,0.7677199153300878,validation,3,8,False,25,0.0,0.8,0,64,0.5,4
10.0,auc_precision_recall_curve,0.7405858938669858,validation,3,8,False,25,0.0,0.8,0,64,0.5,4
11.0,auc_precision_recall_curve,0.5635497683528772,validation,3,8,True,25,0.0,0.8,0,64,0.5,4
0.0,auc_precision_recall_curve,0.7503931220163494,validation,4,16,False,25,0.0,0.8,0,64,0.5,4
1.0,auc_precision_recall_curve,0.6495227842519551,validation,4,16,False,25,0.0,0.8,0,64,0.5,4
2.0,auc_precision_recall_curve,0.9049109512167705,validation,4,16,False,25,0.0,0.8,0,64,0.5,4
3.0,auc_precision_recall_curve,0.7482875331199902,validation,4,16,False,25,0.0,0.8,0,64,0.5,4
4.0,auc_precision_recall_curve,0.5630805965458435,validation,4,16,True,25,0.0,0.8,0,64,0.5,4
5.0,auc_precision_recall_curve,0.7677042247980643,validation,4,16,False,25,0.0,0.8,0,64,0.5,4
6.0,auc_precision_recall_curve,0.6132875174768346,validation,4,16,False,25,0.0,0.8,0,64,0.5,4
7.0,auc_precision_recall_curve,0.5206093831387191,validation,4,16,True,25,0.0,0.8,0,64,0.5,4
8.0,auc_precision_recall_curve,0.517561444195896,validation,4,16,True,25,0.0,0.8,0,64,0.5,4
9.0,auc_precision_recall_curve,0.8078104151419434,validation,4,16,False,25,0.0,0.8,0,64,0.5,4
10.0,auc_precision_recall_curve,0.7987809660787322,validation,4,16,False,25,0.0,0.8,0,64,0.5,4
11.0,auc_precision_recall_curve,0.4923618078473946,validation,4,16,True,25,0.0,0.8,0,64,0.5,4
0.0,auc_precision_recall_curve,0.8499539836249982,validation,5,32,False,25,0.0,0.8,0,64,0.5,4
1.0,auc_precision_recall_curve,0.7828702656126573,validation,5,32,False,25,0.0,0.8,0,64,0.5,4
2.0,auc_precision_recall_curve,0.935003916055452,validation,5,32,False,25,0.0,0.8,0,64,0.5,4
3.0,auc_precision_recall_curve,0.7305260038883509,validation,5,32,False,25,0.0,0.8,0,64,0.5,4
4.0,auc_precision_recall_curve,0.6289060812162381,validation,5,32,True,25,0.0,0.8,0,64,0.5,4
5.0,auc_precision_recall_curve,0.8811383668483515,validation,5,32,False,25,0.0,0.8,0,64,0.5,4
6.0,auc_precision_recall_curve,0.7967004603162988,validation,5,32,False,25,0.0,0.8,0,64,0.5,4
7.0,auc_precision_recall_curve,0.4489693410759745,validation,5,32,True,25,0.0,0.8,0,64,0.5,4
8.0,auc_precision_recall_curve,0.5943610817594708,validation,5,32,True,25,0.0,0.8,0,64,0.5,4
9.0,auc_precision_recall_curve,0.8090195672956756,validation,5,32,False,25,0.0,0.8,0,64,0.5,4
10.0,auc_precision_recall_curve,0.9003472992593513,validation,5,32,False,25,0.0,0.8,0,64,0.5,4
11.0,auc_precision_recall_curve,0.48643419511476793,validation,5,32,True,25,0.0,0.8,0,64,0.5,4
0.0,auc_precision_recall_curve,0.6445457328419759,validation,6,64,False,25,0.0,0.8,0,64,0.5,4
1.0,auc_precision_recall_curve,0.6055227488610835,validation,6,64,False,25,0.0,0.8,0,64,0.5,4
2.0,auc_precision_recall_curve,0.942764622032419,validation,6,64,False,25,0.0,0.8,0,64,0.5,4
3.0,auc_precision_recall_curve,0.6925515121363819,validation,6,64,False,25,0.0,0.8,0,64,0.5,4
4.0,auc_precision_recall_curve,0.4698966361438661,validation,6,64,True,25,0.0,0.8,0,64,0.5,4
5.0,auc_precision_recall_curve,0.7043188694005805,validation,6,64,False,25,0.0,0.8,0,64,0.5,4
6.0,auc_precision_recall_curve,0.6833628516431615,validation,6,64,False,25,0.0,0.8,0,64,0.5,4
7.0,auc_precision_recall_curve,0.5897243107754289,validation,6,64,True,25,0.0,0.8,0,64,0.5,4
8.0,auc_precision_recall_curve,0.4934778297483836,validation,6,64,True,25,0.0,0.8,0,64,0.5,4
9.0,auc_precision_recall_curve,0.7158608125319612,validation,6,64,False,25,0.0,0.8,0,64,0.5,4
10.0,auc_precision_recall_curve,0.8057563222764379,validation,6,64,False,25,0.0,0.8,0,64,0.5,4
11.0,auc_precision_recall_curve,0.5675933517832233,validation,6,64,True,25,0.0,0.8,0,64,0.5,4
0.0,auc_precision_recall_curve,0.7285530548554191,validation,7,128,False,25,0.0,0.8,0,64,0.5,4
1.0,auc_precision_recall_curve,0.6616121743430677,validation,7,128,False,25,0.0,0.8,0,64,0.5,4
2.0,auc_precision_recall_curve,0.8809467895455523,validation,7,128,False,25,0.0,0.8,0,64,0.5,4
3.0,auc_precision_recall_curve,0.6343102382708818,validation,7,128,False,25,0.0,0.8,0,64,0.5,4
4.0,auc_precision_recall_curve,0.5745026789445716,validation,7,128,True,25,0.0,0.8,0,64,0.5,4
5.0,auc_precision_recall_curve,0.7124483028931587,validation,7,128,False,25,0.0,0.8,0,64,0.5,4
6.0,auc_precision_recall_curve,0.7627492285036472,validation,7,128,False,25,0.0,0.8,0,64,0.5,4
7.0,auc_precision_recall_curve,0.5808720466799357,validation,7,128,True,25,0.0,0.8,0,64,0.5,4
8.0,auc_precision_recall_curve,0.3768483511179205,validation,7,128,True,25,0.0,0.8,0,64,0.5,4
9.0,auc_precision_recall_curve,0.7043327679541926,validation,7,128,False,25,0.0,0.8,0,64,0.5,4
10.0,auc_precision_recall_curve,0.6677854754213735,validation,7,128,False,25,0.0,0.8,0,64,0.5,4
11.0,auc_precision_recall_curve,0.5231448373806987,validation,7,128,True,25,0.0,0.8,0,64,0.5,4
0.0,auc_precision_recall_curve,0.8191390363857546,validation,8,256,False,25,0.0,0.8,0,64,0.5,4
1.0,auc_precision_recall_curve,0.7933026417816404,validation,8,256,False,25,0.0,0.8,0,64,0.5,4
2.0,auc_precision_recall_curve,0.9227136398098912,validation,8,256,False,25,0.0,0.8,0,64,0.5,4
3.0,auc_precision_recall_curve,0.8286394653387567,validation,8,256,False,25,0.0,0.8,0,64,0.5,4
4.0,auc_precision_recall_curve,0.5420983430336752,validation,8,256,True,25,0.0,0.8,0,64,0.5,4
5.0,auc_precision_recall_curve,0.8201999360879566,validation,8,256,False,25,0.0,0.8,0,64,0.5,4
6.0,auc_precision_recall_curve,0.8584442437991628,validation,8,256,False,25,0.0,0.8,0,64,0.5,4
7.0,auc_precision_recall_curve,0.48111934390688715,validation,8,256,True,25,0.0,0.8,0,64,0.5,4
8.0,auc_precision_recall_curve,0.45375773995589974,validation,8,256,True,25,0.0,0.8,0,64,0.5,4
9.0,auc_precision_recall_curve,0.8403316763525902,validation,8,256,False,25,0.0,0.8,0,64,0.5,4
10.0,auc_precision_recall_curve,0.8935416934309244,validation,8,256,False,25,0.0,0.8,0,64,0.5,4
11.0,auc_precision_recall_curve,0.44382335795280187,validation,8,256,True,25,0.0,0.8,0,64,0.5,4
0.0,auc_precision_recall_curve,0.8179405235591333,validation,9,512,False,25,0.0,0.8,0,64,0.5,4
1.0,auc_precision_recall_curve,0.7897950207599593,validation,9,512,False,25,0.0,0.8,0,64,0.5,4
2.0,auc_precision_recall_curve,0.9658420390561577,validation,9,512,False,25,0.0,0.8,0,64,0.5,4
3.0,auc_precision_recall_curve,0.7041847494378486,validation,9,512,False,25,0.0,0.8,0,64,0.5,4
4.0,auc_precision_recall_curve,0.5809900039637208,validation,9,512,True,25,0.0,0.8,0,64,0.5,4
5.0,auc_precision_recall_curve,0.7871252145953009,validation,9,512,False,25,0.0,0.8,0,64,0.5,4
6.0,auc_precision_recall_curve,0.8413884957589736,validation,9,512,False,25,0.0,0.8,0,64,0.5,4
7.0,auc_precision_recall_curve,0.4990380091646991,validation,9,512,True,25,0.0,0.8,0,64,0.5,4
8.0,auc_precision_recall_curve,0.5721361005782016,validation,9,512,True,25,0.0,0.8,0,64,0.5,4
9.0,auc_precision_recall_curve,0.8210653499815952,validation,9,512,False,25,0.0,0.8,0,64,0.5,4
10.0,auc_precision_recall_curve,0.8420616786878693,validation,9,512,False,25,0.0,0.8,0,64,0.5,4
11.0,auc_precision_recall_curve,0.4478542031481033,validation,9,512,True,25,0.0,0.8,0,64,0.5,4
0.0,auc_precision_recall_curve,0.7652550640027583,validation,10,1024,False,25,0.0,0.8,0,64,0.5,4
1.0,auc_precision_recall_curve,0.7396132981196719,validation,10,1024,False,25,0.0,0.8,0,64,0.5,4
2.0,auc_precision_recall_curve,0.9360228036373796,validation,10,1024,False,25,0.0,0.8,0,64,0.5,4
3.0,auc_precision_recall_curve,0.7147696908888382,validation,10,1024,False,25,0.0,0.8,0,64,0.5,4
4.0,auc_precision_recall_curve,0.44823757394676456,validation,10,1024,True,25,0.0,0.8,0,64,0.5,4
5.0,auc_precision_recall_curve,0.7073051000925804,validation,10,1024,False,25,0.0,0.8,0,64,0.5,4
6.0,auc_precision_recall_curve,0.7564911373254453,validation,10,1024,False,25,0.0,0.8,0,64,0.5,4
7.0,auc_precision_recall_curve,0.4809110166045356,validation,10,1024,True,25,0.0,0.8,0,64,0.5,4
8.0,auc_precision_recall_curve,0.5159108675287696,validation,10,1024,True,25,0.0,0.8,0,64,0.5,4
9.0,auc_precision_recall_curve,0.7086463763865882,validation,10,1024,False,25,0.0,0.8,0,64,0.5,4
10.0,auc_precision_recall_curve,0.7973161771529458,validation,10,1024,False,25,0.0,0.8,0,64,0.5,4
11.0,auc_precision_recall_curve,0.3826879407495458,validation,10,1024,True,25,0.0,0.8,0,64,0.5,4
,accuracy_score,0.73989898989899,test,1,2,,25,0.0,0.8,0,64,0.5,4
,recall_score,0.7718715393133998,test,1,2,,25,0.0,0.8,0,64,0.5,4
,precision_score,0.6928429423459245,test,1,2,,25,0.0,0.8,0,64,0.5,4
,f1_score,0.7302252488213724,test,1,2,,25,0.0,0.8,0,64,0.5,4
,accuracy_score,0.798989898989899,test,2,4,,25,0.0,0.8,0,64,0.5,4
,recall_score,0.8538205980066446,test,2,4,,25,0.0,0.8,0,64,0.5,4
,precision_score,0.7434908389585342,test,2,4,,25,0.0,0.8,0,64,0.5,4
,f1_score,0.7948453608247422,test,2,4,,25,0.0,0.8,0,64,0.5,4
,accuracy_score,0.7424242424242424,test,3,8,,25,0.0,0.8,0,64,0.5,4
,recall_score,0.7851605758582503,test,3,8,,25,0.0,0.8,0,64,0.5,4
,precision_score,0.6917073170731707,test,3,8,,25,0.0,0.8,0,64,0.5,4
,f1_score,0.7354771784232365,test,3,8,,25,0.0,0.8,0,64,0.5,4
,accuracy_score,0.7272727272727273,test,4,16,,25,0.0,0.8,0,64,0.5,4
,recall_score,0.7563676633444075,test,4,16,,25,0.0,0.8,0,64,0.5,4
,precision_score,0.6809571286141576,test,4,16,,25,0.0,0.8,0,64,0.5,4
,f1_score,0.7166841552990555,test,4,16,,25,0.0,0.8,0,64,0.5,4
,accuracy_score,0.7737373737373737,test,5,32,,25,0.0,0.8,0,64,0.5,4
,recall_score,0.858250276854928,test,5,32,,25,0.0,0.8,0,64,0.5,4
,precision_score,0.7077625570776256,test,5,32,,25,0.0,0.8,0,64,0.5,4
,f1_score,0.7757757757757758,test,5,32,,25,0.0,0.8,0,64,0.5,4
,accuracy_score,0.657070707070707,test,6,64,,25,0.0,0.8,0,64,0.5,4
,recall_score,0.6722037652270211,test,6,64,,25,0.0,0.8,0,64,0.5,4
,precision_score,0.6131313131313131,test,6,64,,25,0.0,0.8,0,64,0.5,4
,f1_score,0.641310089804543,test,6,64,,25,0.0,0.8,0,64,0.5,4
,accuracy_score,0.692929292929293,test,7,128,,25,0.0,0.8,0,64,0.5,4
,recall_score,0.717607973421927,test,7,128,,25,0.0,0.8,0,64,0.5,4
,precision_score,0.6473526473526473,test,7,128,,25,0.0,0.8,0,64,0.5,4
,f1_score,0.6806722689075629,test,7,128,,25,0.0,0.8,0,64,0.5,4
,accuracy_score,0.7732323232323233,test,8,256,,25,0.0,0.8,0,64,0.5,4
,recall_score,0.867109634551495,test,8,256,,25,0.0,0.8,0,64,0.5,4
,precision_score,0.704136690647482,test,8,256,,25,0.0,0.8,0,64,0.5,4
,f1_score,0.7771712158808933,test,8,256,,25,0.0,0.8,0,64,0.5,4
,accuracy_score,0.7626262626262627,test,9,512,,25,0.0,0.8,0,64,0.5,4
,recall_score,0.8250276854928018,test,9,512,,25,0.0,0.8,0,64,0.5,4
,precision_score,0.7048249763481551,test,9,512,,25,0.0,0.8,0,64,0.5,4
,f1_score,0.7602040816326531,test,9,512,,25,0.0,0.8,0,64,0.5,4
,accuracy_score,0.7474747474747475,test,10,1024,,25,0.0,0.8,0,64,0.5,4
,recall_score,0.7530454042081949,test,10,1024,,25,0.0,0.8,0,64,0.5,4
,precision_score,0.7105538140020898,test,10,1024,,25,0.0,0.8,0,64,0.5,4
,f1_score,0.7311827956989246,test,10,1024,,25,0.0,0.8,0,64,0.5,4
,auc_precision_recall_curve,0.7580916711111831,test,1,2,,25,0.0,0.8,0,64,0.5,4
,auc_precision_recall_curve,0.8442397029951099,test,2,4,,25,0.0,0.8,0,64,0.5,4
,auc_precision_recall_curve,0.7717753470860558,test,3,8,,25,0.0,0.8,0,64,0.5,4
,auc_precision_recall_curve,0.7371420581710126,test,4,16,,25,0.0,0.8,0,64,0.5,4
,auc_precision_recall_curve,0.7989604485332725,test,5,32,,25,0.0,0.8,0,64,0.5,4
,auc_precision_recall_curve,0.6688046655071104,test,6,64,,25,0.0,0.8,0,64,0.5,4
,auc_precision_recall_curve,0.6939628395510593,test,7,128,,25,0.0,0.8,0,64,0.5,4
,auc_precision_recall_curve,0.7991700510660562,test,8,256,,25,0.0,0.8,0,64,0.5,4
,auc_precision_recall_curve,0.789881942308895,test,9,512,,25,0.0,0.8,0,64,0.5,4
,auc_precision_recall_curve,0.7626742310489565,test,10,1024,,25,0.0,0.8,0,64,0.5,4
